time_s,total_queue,vip_queue,phase
0.027,0,0,NS
0.044,0,0,NS
0.061,0,0,NS
0.078,0,0,NS
0.095,0,0,NS
0.113,0,0,NS
0.13,0,0,NS
0.147,0,0,NS
0.164,0,0,NS
0.181,0,0,NS
0.198,0,0,NS
0.215,0,0,NS
0.232,0,0,NS
0.249,0,0,NS
0.266,0,0,NS
0.283,0,0,NS
0.3,0,0,NS
0.317,0,0,NS
0.334,0,0,NS
0.351,0,0,NS
0.368,0,0,NS
0.384,0,0,NS
0.401,0,0,NS
0.418,0,0,NS
0.435,0,0,NS
0.452,0,0,NS
0.469,0,0,NS
0.486,0,0,NS
0.503,0,0,NS
0.52,0,0,NS
0.537,0,0,NS
0.554,0,0,NS
0.571,0,0,NS
0.588,0,0,NS
0.605,0,0,NS
0.622,0,0,NS
0.639,0,0,NS
0.656,0,0,NS
0.673,0,0,NS
0.69,0,0,NS
0.707,0,0,NS
0.724,0,0,NS
0.741,0,0,NS
0.758,0,0,NS
0.775,0,0,NS
0.792,0,0,NS
0.809,0,0,NS
0.826,0,0,NS
0.843,0,0,NS
0.86,0,0,NS
0.877,0,0,NS
0.894,0,0,NS
0.911,0,0,NS
0.928,0,0,NS
0.945,0,0,NS
0.962,0,0,NS
0.979,0,0,NS
0.996,0,0,NS
1.013,0,0,NS
1.03,0,0,NS
1.047,0,0,NS
1.064,0,0,NS
1.081,0,0,NS
1.098,0,0,NS
1.114,0,0,NS
1.131,0,0,NS
1.148,0,0,NS
1.165,0,0,NS
1.183,0,0,NS
1.2,0,0,NS
1.217,0,0,NS
1.234,0,0,NS
1.25,0,0,NS
1.267,0,0,NS
1.284,0,0,NS
1.3,0,0,NS
1.317,0,0,NS
1.334,0,0,NS
1.351,0,0,NS
1.368,0,0,NS
1.385,0,0,NS
1.402,0,0,NS
1.419,0,0,NS
1.436,0,0,NS
1.453,0,0,NS
1.47,0,0,NS
1.487,0,0,NS
1.504,0,0,NS
1.521,0,0,NS
1.538,0,0,NS
1.555,0,0,NS
1.572,0,0,NS
1.589,0,0,NS
1.607,0,0,NS
1.624,0,0,NS
1.641,0,0,NS
1.658,0,0,NS
1.675,0,0,NS
1.692,0,0,NS
1.709,0,0,NS
1.726,0,0,NS
1.743,0,0,NS
1.761,0,0,NS
1.778,0,0,NS
1.795,0,0,NS
1.812,0,0,NS
1.829,0,0,NS
1.846,0,0,NS
1.863,0,0,NS
1.88,0,0,NS
1.897,0,0,NS
1.915,0,0,NS
1.932,0,0,NS
1.949,0,0,NS
1.966,0,0,NS
1.983,0,0,NS
2.0,0,0,NS
2.017,0,0,NS
2.034,0,0,NS
2.051,0,0,NS
2.068,0,0,NS
2.085,0,0,NS
2.102,0,0,NS
2.119,0,0,NS
2.136,0,0,NS
2.153,1,0,NS
2.17,1,0,NS
2.187,1,0,NS
2.204,1,0,NS
2.221,1,0,NS
2.237,1,0,NS
2.254,1,0,NS
2.271,1,0,NS
2.288,1,0,NS
2.305,1,0,NS
2.322,1,0,NS
2.339,1,0,NS
2.356,1,0,NS
2.373,1,0,NS
2.39,1,0,NS
2.407,1,0,NS
2.424,1,0,NS
2.441,1,0,NS
2.458,1,0,NS
2.475,1,0,NS
2.492,1,0,NS
2.509,1,0,NS
2.526,1,0,NS
2.543,1,0,NS
2.56,1,0,NS
2.577,1,0,NS
2.594,1,0,NS
2.611,1,0,NS
2.628,1,0,NS
2.645,1,0,NS
2.662,1,0,NS
2.679,1,0,NS
2.696,1,0,NS
2.713,1,0,NS
2.73,1,0,NS
2.747,1,0,NS
2.764,1,0,NS
2.781,1,0,NS
2.798,1,0,NS
2.815,1,0,NS
2.832,1,0,NS
2.849,1,0,NS
2.866,1,0,NS
2.883,0,0,NS
2.9,0,0,NS
2.917,0,0,NS
2.934,0,0,NS
2.951,0,0,NS
2.968,0,0,NS
2.985,0,0,NS
3.003,0,0,NS
3.02,0,0,NS
3.037,0,0,NS
3.054,0,0,NS
3.071,0,0,NS
3.088,0,0,NS
3.105,0,0,NS
3.122,0,0,NS
3.139,0,0,NS
3.156,0,0,NS
3.173,0,0,NS
3.19,0,0,NS
3.207,0,0,NS
3.224,0,0,NS
3.241,0,0,NS
3.258,0,0,NS
3.275,0,0,NS
3.292,0,0,NS
3.309,0,0,NS
3.326,0,0,NS
3.343,0,0,NS
3.36,0,0,NS
3.377,0,0,NS
3.394,0,0,NS
3.411,0,0,NS
3.428,0,0,NS
3.445,0,0,NS
3.461,0,0,NS
3.478,0,0,NS
3.495,0,0,NS
3.512,0,0,NS
3.529,0,0,NS
3.546,0,0,NS
3.563,0,0,NS
3.58,0,0,NS
3.597,0,0,NS
3.614,0,0,NS
3.631,0,0,NS
3.648,0,0,NS
3.665,0,0,NS
3.682,0,0,NS
3.699,0,0,NS
3.716,0,0,NS
3.733,0,0,NS
3.75,0,0,NS
3.767,0,0,NS
3.784,0,0,NS
3.801,0,0,NS
3.818,0,0,NS
3.836,0,0,NS
3.853,0,0,NS
3.87,0,0,NS
3.887,0,0,NS
3.904,0,0,NS
3.922,0,0,NS
3.939,0,0,NS
3.956,0,0,NS
3.973,0,0,NS
3.99,0,0,NS
4.007,0,0,NS
4.024,0,0,NS
4.041,0,0,NS
4.058,0,0,NS
4.075,0,0,NS
4.092,0,0,NS
4.109,0,0,NS
4.126,0,0,NS
4.143,0,0,NS
4.16,0,0,NS
4.177,0,0,NS
4.194,0,0,NS
4.211,0,0,NS
4.228,0,0,NS
4.245,0,0,NS
4.262,0,0,NS
4.279,0,0,NS
4.296,0,0,NS
4.313,0,0,NS
4.33,0,0,NS
4.347,0,0,NS
4.364,1,0,NS
4.381,1,0,NS
4.398,1,0,NS
4.415,1,0,NS
4.432,1,0,NS
4.449,1,0,NS
4.466,1,0,NS
4.483,1,0,NS
4.5,1,0,NS
4.517,1,0,NS
4.535,1,0,NS
4.552,1,0,NS
4.569,1,0,NS
4.586,1,0,NS
4.603,1,0,NS
4.62,1,0,NS
4.637,1,0,NS
4.654,1,0,NS
4.671,1,0,NS
4.688,1,0,NS
4.705,1,0,NS
4.722,1,0,NS
4.739,1,0,NS
4.756,1,0,NS
4.773,1,0,NS
4.79,1,0,NS
4.807,1,0,NS
4.824,1,0,NS
4.841,1,0,NS
4.858,1,0,NS
4.875,1,0,NS
4.892,1,0,NS
4.909,1,0,NS
4.926,1,0,NS
4.943,1,0,NS
4.96,1,0,NS
4.977,1,0,NS
4.994,1,0,NS
5.011,1,0,NS
5.028,1,0,NS
5.045,1,0,NS
5.062,1,0,NS
5.079,1,0,NS
5.096,0,0,NS
5.113,0,0,NS
5.13,0,0,NS
5.147,0,0,NS
5.164,0,0,NS
5.181,0,0,NS
5.198,0,0,NS
5.215,0,0,NS
5.232,0,0,NS
5.249,0,0,NS
5.266,0,0,NS
5.283,0,0,NS
5.3,0,0,NS
5.317,0,0,NS
5.334,0,0,NS
5.351,0,0,NS
5.368,0,0,NS
5.385,0,0,NS
5.402,0,0,NS
5.419,0,0,NS
5.437,0,0,NS
5.454,0,0,NS
5.471,0,0,NS
5.488,0,0,NS
5.505,0,0,NS
5.522,0,0,NS
5.539,0,0,NS
5.556,0,0,NS
5.573,0,0,NS
5.59,0,0,NS
5.607,0,0,NS
5.624,0,0,NS
5.641,0,0,NS
5.658,0,0,NS
5.675,0,0,NS
5.692,0,0,NS
5.709,0,0,NS
5.726,0,0,NS
5.743,0,0,NS
5.76,0,0,NS
5.777,0,0,NS
5.794,0,0,NS
5.811,0,0,NS
5.828,0,0,NS
5.845,0,0,NS
5.862,0,0,NS
5.879,0,0,NS
5.896,0,0,NS
5.913,0,0,NS
5.929,0,0,NS
5.946,0,0,NS
5.963,0,0,NS
5.98,0,0,NS
5.997,0,0,NS
6.014,0,0,NS
6.031,0,0,NS
6.048,0,0,NS
6.065,0,0,NS
6.082,0,0,NS
6.099,0,0,NS
6.116,0,0,NS
6.132,0,0,NS
6.149,0,0,NS
6.166,0,0,NS
6.183,0,0,NS
6.2,0,0,NS
6.217,0,0,NS
6.234,0,0,NS
6.251,0,0,NS
6.268,0,0,NS
6.285,0,0,NS
6.302,0,0,NS
6.319,0,0,NS
6.337,0,0,NS
6.354,0,0,NS
6.371,0,0,NS
6.388,0,0,NS
6.405,0,0,NS
6.422,0,0,NS
6.439,0,0,NS
6.456,0,0,NS
6.473,0,0,NS
6.49,0,0,NS
6.507,0,0,NS
6.524,1,0,NS
6.541,1,0,NS
6.558,1,0,NS
6.575,1,0,NS
6.592,1,0,NS
6.609,1,0,NS
6.626,1,0,NS
6.643,1,0,NS
6.661,1,0,NS
6.678,1,0,NS
6.694,1,0,NS
6.711,1,0,NS
6.728,1,0,NS
6.745,1,0,NS
6.762,1,0,NS
6.779,1,0,NS
6.796,1,0,NS
6.813,1,0,NS
6.83,1,0,NS
6.847,1,0,NS
6.864,1,0,NS
6.881,1,0,NS
6.898,1,0,NS
6.915,1,0,NS
6.932,1,0,NS
6.949,1,0,NS
6.966,1,0,NS
6.983,1,0,NS
7.0,1,0,NS
7.017,1,0,NS
7.034,1,0,NS
7.051,1,0,NS
7.068,1,0,NS
7.085,1,0,NS
7.102,1,0,NS
7.119,1,0,NS
7.136,1,0,NS
7.153,1,0,NS
7.17,1,0,NS
7.187,1,0,NS
7.204,1,0,NS
7.221,1,0,NS
7.238,1,0,NS
7.255,0,0,NS
7.272,0,0,NS
7.289,0,0,NS
7.306,0,0,NS
7.323,0,0,NS
7.34,0,0,NS
7.357,0,0,NS
7.374,0,0,NS
7.391,0,0,NS
7.408,0,0,NS
7.425,0,0,NS
7.442,0,0,NS
7.459,0,0,NS
7.476,0,0,NS
7.493,0,0,NS
7.51,0,0,NS
7.527,0,0,NS
7.544,0,0,NS
7.561,0,0,NS
7.578,0,0,NS
7.595,0,0,NS
7.612,0,0,NS
7.629,0,0,NS
7.646,0,0,NS
7.663,0,0,NS
7.681,0,0,NS
7.698,0,0,NS
7.715,0,0,NS
7.732,0,0,NS
7.749,0,0,NS
7.766,0,0,NS
7.783,0,0,NS
7.8,0,0,NS
7.817,0,0,NS
7.834,0,0,NS
7.851,0,0,NS
7.868,0,0,NS
7.885,0,0,NS
7.902,0,0,NS
7.919,0,0,NS
7.936,0,0,NS
7.953,0,0,NS
7.97,0,0,NS
7.987,0,0,NS
8.004,0,0,NS
8.021,0,0,NS
8.038,0,0,NS
8.055,0,0,NS
8.072,0,0,NS
8.089,0,0,NS
8.106,0,0,NS
8.123,0,0,NS
8.14,0,0,NS
8.157,0,0,NS
8.174,0,0,NS
8.191,0,0,NS
8.208,0,0,NS
8.225,0,0,NS
8.242,0,0,NS
8.259,0,0,NS
8.276,0,0,NS
8.293,0,0,NS
8.31,0,0,NS
8.327,0,0,NS
8.344,0,0,NS
8.361,0,0,NS
8.378,0,0,NS
8.395,0,0,NS
8.412,0,0,NS
8.429,0,0,NS
8.446,0,0,NS
8.463,0,0,NS
8.48,0,0,NS
8.497,0,0,NS
8.514,0,0,NS
8.531,0,0,NS
8.548,1,0,NS
8.565,1,0,NS
8.582,1,0,NS
8.599,1,0,NS
8.616,1,0,NS
8.633,1,0,NS
8.65,1,0,NS
8.667,1,0,NS
8.684,1,0,NS
8.701,1,0,NS
8.718,1,0,NS
8.735,1,0,NS
8.752,1,0,NS
8.769,1,0,NS
8.786,1,0,NS
8.803,1,0,NS
8.82,1,0,NS
8.837,1,0,NS
8.854,1,0,NS
8.871,1,0,NS
8.888,1,0,NS
8.905,1,0,NS
8.922,1,0,NS
8.939,1,0,NS
8.956,1,0,NS
8.973,1,0,NS
8.99,1,0,NS
9.007,1,0,NS
9.024,1,0,NS
9.041,1,0,NS
9.058,1,0,NS
9.075,1,0,NS
9.092,1,0,NS
9.109,1,0,NS
9.126,1,0,NS
9.143,1,0,NS
9.16,1,0,NS
9.177,1,0,NS
9.193,1,0,NS
9.21,1,0,NS
9.227,1,0,NS
9.244,1,0,NS
9.261,1,0,NS
9.278,0,0,NS
9.295,0,0,NS
9.312,0,0,NS
9.329,0,0,NS
9.346,0,0,NS
9.363,0,0,NS
9.38,0,0,NS
9.397,0,0,NS
9.414,0,0,NS
9.431,0,0,NS
9.448,0,0,NS
9.465,0,0,NS
9.482,0,0,NS
9.499,0,0,NS
9.516,0,0,NS
9.533,0,0,NS
9.55,0,0,NS
9.567,0,0,NS
9.584,0,0,NS
9.601,0,0,NS
9.618,0,0,NS
9.635,0,0,NS
9.652,0,0,NS
9.669,0,0,NS
9.686,0,0,NS
9.703,0,0,NS
9.72,0,0,NS
9.737,0,0,NS
9.754,0,0,NS
9.771,0,0,NS
9.788,0,0,NS
9.805,0,0,NS
9.822,0,0,NS
9.839,0,0,NS
9.856,0,0,NS
9.873,0,0,NS
9.89,0,0,NS
9.907,0,0,NS
9.924,0,0,NS
9.942,0,0,NS
9.959,0,0,NS
9.976,0,0,NS
9.992,0,0,NS
10.009,0,0,NS
10.025,0,0,NS
10.042,0,0,NS
10.059,0,0,NS
10.076,0,0,NS
10.093,0,0,NS
10.11,0,0,NS
10.126,0,0,NS
10.143,0,0,NS
10.16,0,0,NS
10.176,0,0,NS
10.193,0,0,NS
10.21,0,0,NS
10.227,0,0,NS
10.244,0,0,NS
10.261,0,0,NS
10.278,0,0,NS
10.295,0,0,NS
10.312,0,0,NS
10.329,0,0,NS
10.346,0,0,NS
10.363,0,0,NS
10.38,0,0,NS
10.397,0,0,NS
10.414,0,0,NS
10.431,0,0,NS
10.448,0,0,NS
10.465,0,0,NS
10.482,0,0,NS
10.499,0,0,NS
10.516,0,0,NS
10.533,0,0,NS
10.55,0,0,NS
10.567,0,0,NS
10.584,0,0,NS
10.601,0,0,NS
10.618,0,0,NS
10.635,0,0,NS
10.652,0,0,NS
10.669,0,0,NS
10.686,0,0,NS
10.703,0,0,NS
10.72,0,0,NS
10.737,0,0,NS
10.754,1,0,NS
10.771,1,0,NS
10.788,1,0,NS
10.805,1,0,NS
10.823,1,0,NS
10.84,1,0,NS
10.857,1,0,NS
10.874,1,0,NS
10.891,1,0,NS
10.908,1,0,NS
10.925,1,0,NS
10.942,1,0,NS
10.959,1,0,NS
10.976,1,0,NS
10.993,1,0,NS
11.01,1,0,NS
11.027,1,0,NS
11.044,1,0,NS
11.061,1,0,NS
11.078,1,0,NS
11.095,1,0,NS
11.112,1,0,NS
11.129,1,0,NS
11.146,1,0,NS
11.163,1,0,NS
11.18,1,0,NS
11.197,1,0,NS
11.214,1,0,NS
11.231,1,0,NS
11.248,1,0,NS
11.265,1,0,NS
11.282,1,0,NS
11.299,1,0,NS
11.316,1,0,NS
11.333,1,0,NS
11.35,1,0,NS
11.367,1,0,NS
11.385,1,0,NS
11.402,1,0,NS
11.419,1,0,NS
11.436,1,0,NS
11.453,1,0,NS
11.47,1,0,NS
11.487,0,0,NS
11.504,0,0,NS
11.521,0,0,NS
11.538,0,0,NS
11.555,0,0,NS
11.572,0,0,NS
11.589,0,0,NS
11.606,0,0,NS
11.623,0,0,NS
11.64,0,0,NS
11.657,0,0,NS
11.674,0,0,NS
11.691,0,0,NS
11.708,0,0,NS
11.725,0,0,NS
11.742,0,0,NS
11.759,0,0,NS
11.776,0,0,NS
11.793,0,0,NS
11.81,0,0,NS
11.827,0,0,NS
11.844,0,0,NS
11.861,0,0,NS
11.878,0,0,NS
11.895,0,0,NS
11.912,0,0,NS
11.929,0,0,NS
11.946,0,0,NS
11.963,0,0,NS
11.98,0,0,NS
11.997,0,0,NS
12.014,0,0,NS
12.031,0,0,NS
12.048,0,0,NS
12.065,0,0,NS
12.082,0,0,NS
12.099,0,0,NS
12.116,0,0,NS
12.133,0,0,NS
12.15,0,0,NS
12.167,0,0,NS
12.184,0,0,NS
12.201,0,0,NS
12.218,0,0,NS
12.235,0,0,NS
12.252,0,0,NS
12.269,0,0,NS
12.286,0,0,NS
12.303,0,0,NS
12.32,0,0,NS
12.337,0,0,NS
12.354,0,0,NS
12.371,0,0,NS
12.388,0,0,NS
12.405,0,0,NS
12.423,0,0,NS
12.44,0,0,NS
12.457,0,0,NS
12.474,0,0,NS
12.491,0,0,NS
12.508,0,0,NS
12.525,0,0,NS
12.542,0,0,NS
12.559,0,0,NS
12.576,0,0,NS
12.593,0,0,NS
12.609,1,0,NS
12.626,1,0,NS
12.643,1,0,NS
12.66,1,0,NS
12.677,1,0,NS
12.694,1,0,NS
12.711,1,0,NS
12.728,1,0,NS
12.745,1,0,NS
12.762,1,0,NS
12.779,1,0,NS
12.795,2,0,NS
12.812,2,0,NS
12.829,2,0,NS
12.846,2,0,NS
12.863,2,0,NS
12.881,2,0,NS
12.898,2,0,NS
12.915,2,0,NS
12.932,2,0,NS
12.949,2,0,NS
12.966,2,0,NS
12.983,2,0,NS
13.0,2,0,NS
13.017,2,0,NS
13.034,2,0,NS
13.051,2,0,NS
13.068,2,0,NS
13.085,2,0,NS
13.102,2,0,NS
13.119,2,0,NS
13.136,2,0,NS
13.153,2,0,NS
13.17,2,0,NS
13.187,2,0,NS
13.204,2,0,NS
13.221,2,0,NS
13.238,2,0,NS
13.255,2,0,NS
13.272,2,0,NS
13.289,2,0,NS
13.306,2,0,NS
13.323,2,0,NS
13.34,2,0,NS
13.357,2,0,NS
13.374,2,0,NS
13.391,2,0,NS
13.408,2,0,NS
13.425,2,0,NS
13.442,2,0,NS
13.459,2,0,NS
13.476,2,0,NS
13.493,2,0,NS
13.51,2,0,NS
13.527,2,0,NS
13.544,2,0,NS
13.561,2,0,NS
13.578,2,0,NS
13.596,2,0,NS
13.613,2,0,NS
13.63,2,0,NS
13.647,2,0,NS
13.664,2,0,NS
13.681,2,0,NS
13.698,2,0,NS
13.715,2,0,NS
13.733,2,0,NS
13.75,2,0,NS
13.767,2,0,NS
13.784,2,0,NS
13.802,2,0,NS
13.819,2,0,NS
13.836,2,0,NS
13.853,2,0,NS
13.87,2,0,NS
13.887,2,0,NS
13.904,2,0,NS
13.921,2,0,NS
13.938,2,0,NS
13.955,2,0,NS
13.972,2,0,NS
13.989,2,0,NS
14.006,2,0,NS
14.023,2,0,NS
14.04,2,0,NS
14.057,2,0,NS
14.074,2,0,NS
14.091,2,0,NS
14.108,2,0,NS
14.125,2,0,NS
14.142,2,0,NS
14.159,2,0,NS
14.176,2,0,NS
14.193,2,0,NS
14.21,2,0,NS
14.227,2,0,NS
14.244,2,0,NS
14.261,2,0,NS
14.278,2,0,NS
14.295,2,0,NS
14.312,2,0,NS
14.329,2,0,NS
14.346,2,0,NS
14.363,2,0,NS
14.38,2,0,NS
14.397,2,0,NS
14.414,2,0,NS
14.431,2,0,NS
14.448,2,0,NS
14.465,2,0,NS
14.482,2,0,NS
14.499,2,0,NS
14.516,2,0,NS
14.557,2,0,NS
14.574,2,0,NS
14.591,2,0,NS
14.608,2,0,NS
14.625,2,0,NS
14.642,2,0,NS
14.659,2,0,NS
14.676,2,0,NS
14.693,2,0,NS
14.71,2,0,NS
14.727,2,0,NS
14.744,2,0,NS
14.761,2,0,NS
14.778,2,0,NS
14.795,2,0,NS
14.813,2,0,NS
14.83,2,0,NS
14.847,2,0,NS
14.864,2,0,NS
14.881,2,0,NS
14.898,2,0,NS
14.915,2,0,NS
14.932,2,0,NS
14.949,2,0,NS
14.966,2,0,NS
14.983,2,0,NS
15.0,2,0,NS
15.017,3,0,NS
15.034,3,0,NS
15.051,3,0,NS
15.068,3,0,NS
15.085,3,0,NS
15.102,3,0,NS
15.119,3,0,NS
15.136,3,0,NS
15.153,3,0,NS
15.17,3,0,NS
15.187,3,0,NS
15.204,3,0,NS
15.221,3,0,NS
15.238,3,0,NS
15.255,3,0,NS
15.272,3,0,NS
15.289,3,0,NS
15.306,3,0,NS
15.323,3,0,NS
15.34,3,0,NS
15.357,3,0,NS
15.374,3,0,NS
15.391,3,0,NS
15.408,3,0,NS
15.425,3,0,NS
15.442,3,0,NS
15.459,3,0,NS
15.476,3,0,NS
15.493,3,0,NS
15.51,3,0,NS
15.527,3,0,NS
15.544,3,0,NS
15.561,3,0,NS
15.578,3,0,NS
15.595,3,0,NS
15.612,3,0,NS
15.629,3,0,NS
15.646,3,0,NS
15.663,3,0,NS
15.68,3,0,NS
15.697,3,0,NS
15.714,3,0,NS
15.731,3,0,NS
15.748,3,0,NS
15.765,3,0,NS
15.782,3,0,NS
15.799,3,0,NS
15.816,3,0,NS
15.833,3,0,NS
15.85,3,0,NS
15.867,3,0,NS
15.884,3,0,NS
15.901,3,0,NS
15.918,3,0,NS
15.935,3,0,NS
15.952,3,0,NS
15.969,3,0,NS
15.986,3,0,NS
16.003,3,0,NS
16.02,3,0,NS
16.037,3,0,NS
16.054,3,0,NS
16.071,3,0,NS
16.088,3,0,NS
16.105,3,0,NS
16.122,3,0,NS
16.139,3,0,NS
16.156,3,0,NS
16.173,3,0,NS
16.19,3,0,NS
16.207,3,0,NS
16.224,3,0,NS
16.241,3,0,NS
16.258,3,0,NS
16.275,3,0,NS
16.292,3,0,NS
16.309,3,0,NS
16.326,3,0,NS
16.343,3,0,NS
17.316,4,0,NS
17.332,3,0,NS
17.348,3,0,NS
17.364,3,0,NS
17.381,3,0,NS
17.398,3,0,NS
17.415,3,0,NS
17.432,3,0,NS
17.449,3,0,NS
17.466,3,0,NS
17.483,3,0,NS
17.5,3,0,NS
17.517,3,0,NS
17.534,3,0,NS
17.551,3,0,NS
17.568,3,0,NS
17.584,3,0,NS
17.6,3,0,NS
17.617,3,0,NS
17.633,3,0,NS
17.65,3,0,NS
17.667,3,0,NS
17.684,3,0,NS
17.701,3,0,NS
17.718,3,0,NS
17.735,3,0,NS
17.752,3,0,NS
17.769,3,0,NS
17.786,3,0,NS
17.803,3,0,NS
17.82,4,0,NS
17.837,4,0,NS
17.854,4,0,NS
17.871,4,0,NS
17.888,4,0,NS
17.905,4,0,NS
17.922,4,0,NS
17.939,4,0,NS
17.956,4,0,NS
17.973,4,0,NS
17.99,4,0,NS
18.007,4,0,NS
18.024,4,0,EW
18.041,2,0,EW
18.058,2,0,EW
18.075,2,0,EW
18.092,2,0,EW
18.11,2,0,EW
18.127,2,0,EW
18.144,2,0,EW
18.161,2,0,EW
18.178,2,0,EW
18.195,2,0,EW
18.212,2,0,EW
18.229,2,0,EW
18.246,2,0,EW
18.263,2,0,EW
18.28,2,0,EW
18.297,2,0,EW
18.314,2,0,EW
18.331,2,0,EW
18.348,2,0,EW
18.364,1,0,EW
18.38,1,0,EW
18.397,1,0,EW
18.414,1,0,EW
18.431,1,0,EW
18.448,1,0,EW
18.465,1,0,EW
18.482,1,0,EW
18.499,1,0,EW
18.516,1,0,EW
18.533,1,0,EW
18.55,1,0,EW
18.567,1,0,EW
18.584,0,0,EW
18.601,0,0,EW
18.618,0,0,EW
18.635,0,0,EW
18.652,0,0,EW
18.669,0,0,EW
18.686,0,0,EW
18.703,0,0,EW
18.72,0,0,EW
18.737,0,0,EW
18.754,0,0,EW
18.771,0,0,EW
18.788,0,0,EW
18.805,0,0,EW
18.822,0,0,EW
18.839,0,0,EW
18.856,0,0,EW
18.873,0,0,EW
18.89,0,0,EW
18.907,0,0,EW
18.924,0,0,EW
18.941,0,0,EW
18.958,0,0,EW
18.975,0,0,EW
18.992,0,0,EW
19.009,0,0,EW
19.026,0,0,EW
19.043,0,0,EW
19.06,0,0,EW
19.077,0,0,EW
19.094,0,0,EW
19.111,0,0,EW
19.128,0,0,EW
19.145,0,0,EW
19.162,0,0,EW
19.179,0,0,EW
19.196,0,0,EW
19.213,0,0,EW
19.23,0,0,EW
19.248,0,0,EW
19.266,0,0,EW
19.283,0,0,EW
19.3,0,0,EW
19.317,0,0,EW
19.334,0,0,EW
19.351,0,0,EW
19.368,0,0,EW
19.385,0,0,EW
19.402,0,0,EW
19.419,0,0,EW
19.437,0,0,EW
19.454,1,0,EW
19.471,1,0,EW
19.488,1,0,EW
19.505,1,0,EW
19.522,1,0,EW
19.539,1,0,EW
19.556,1,0,EW
19.573,1,0,EW
19.59,1,0,EW
19.608,1,0,EW
19.625,1,0,EW
19.643,1,0,EW
19.66,1,0,EW
19.677,1,0,EW
19.694,1,0,EW
19.711,1,0,EW
19.728,1,0,EW
19.745,1,0,EW
19.762,1,0,EW
19.779,1,0,EW
19.796,1,0,EW
19.813,1,0,EW
19.83,1,0,EW
19.847,1,0,EW
19.864,1,0,EW
19.881,1,0,EW
19.898,1,0,EW
19.915,1,0,EW
19.932,1,0,EW
19.949,1,0,EW
19.966,1,0,EW
19.983,1,0,EW
20.0,1,0,EW
20.017,1,0,EW
20.034,1,0,EW
20.051,1,0,EW
20.068,1,0,EW
20.085,1,0,EW
20.102,1,0,EW
20.119,1,0,EW
20.136,1,0,EW
20.153,1,0,EW
20.17,1,0,EW
20.187,1,0,EW
20.204,1,0,EW
20.221,1,0,EW
20.238,1,0,EW
20.255,1,0,EW
20.272,1,0,EW
20.289,1,0,EW
20.306,1,0,EW
20.323,1,0,EW
20.34,1,0,EW
20.357,1,0,EW
20.374,1,0,EW
20.391,1,0,EW
20.408,1,0,EW
20.425,1,0,EW
20.442,1,0,EW
20.459,1,0,EW
20.476,1,0,EW
20.493,1,0,EW
20.51,1,0,EW
20.527,1,0,EW
20.544,1,0,EW
20.561,1,0,EW
20.578,1,0,EW
20.595,1,0,EW
20.612,1,0,EW
20.629,1,0,EW
20.646,1,0,EW
20.663,1,0,EW
20.68,1,0,EW
20.697,1,0,EW
20.714,1,0,EW
20.731,1,0,EW
20.748,1,0,EW
20.765,1,0,EW
20.782,1,0,EW
20.799,1,0,EW
20.816,1,0,EW
20.833,1,0,EW
20.85,1,0,EW
20.867,1,0,EW
20.884,1,0,EW
20.901,1,0,EW
20.918,1,0,EW
20.935,1,0,EW
20.952,1,0,EW
20.969,1,0,EW
20.986,1,0,EW
21.003,1,0,EW
21.02,1,0,EW
21.037,1,0,EW
21.054,1,0,EW
21.071,1,0,EW
21.088,1,0,EW
21.105,1,0,EW
21.122,1,0,EW
21.139,1,0,EW
21.156,1,0,EW
21.173,1,0,EW
21.19,1,0,EW
21.207,1,0,EW
21.224,1,0,EW
21.241,1,0,EW
21.258,1,0,EW
21.275,1,0,EW
21.292,1,0,EW
21.309,1,0,EW
21.326,1,0,EW
21.343,1,0,EW
21.36,1,0,EW
21.377,1,0,EW
21.394,1,0,EW
21.411,1,0,EW
21.428,1,0,EW
21.445,1,0,EW
21.462,1,0,EW
21.479,1,0,EW
21.496,1,0,EW
21.513,1,0,EW
21.53,1,0,EW
21.547,2,0,EW
21.564,2,0,EW
21.58,2,0,EW
21.597,2,0,EW
21.615,2,0,EW
21.632,2,0,EW
21.649,2,0,EW
21.666,2,0,EW
21.683,2,0,EW
21.7,2,0,EW
21.717,2,0,EW
21.734,2,0,EW
21.751,2,0,EW
21.768,2,0,EW
21.785,2,0,EW
21.802,2,0,EW
21.819,2,0,EW
21.836,2,0,EW
21.853,2,0,EW
21.869,2,0,EW
21.886,2,0,EW
21.902,2,0,EW
21.919,2,0,EW
21.936,2,0,EW
21.953,2,0,EW
21.97,2,0,EW
21.986,2,0,EW
22.003,2,0,EW
22.02,2,0,EW
22.036,2,0,EW
22.052,2,0,EW
22.068,2,0,EW
22.085,2,0,EW
22.102,2,0,EW
22.119,2,0,EW
22.136,2,0,EW
22.153,2,0,EW
22.17,2,0,EW
22.187,2,0,EW
22.204,2,0,EW
22.221,2,0,EW
22.238,2,0,EW
22.255,2,0,EW
22.272,1,0,EW
22.289,1,0,EW
22.306,1,0,EW
22.324,1,0,EW
22.341,1,0,EW
22.358,1,0,EW
22.375,1,0,EW
22.392,1,0,EW
22.409,1,0,EW
22.426,1,0,EW
22.443,1,0,EW
22.46,1,0,EW
22.477,1,0,EW
22.494,1,0,EW
22.511,1,0,EW
22.528,1,0,EW
22.545,1,0,EW
22.562,1,0,EW
22.579,1,0,EW
22.596,1,0,EW
22.613,1,0,EW
22.63,1,0,EW
22.647,1,0,EW
22.664,1,0,EW
22.68,2,0,EW
22.697,2,0,EW
22.714,2,0,EW
22.731,2,0,EW
22.748,2,0,EW
22.765,2,0,EW
22.782,2,0,EW
22.799,2,0,EW
22.815,2,0,EW
22.832,2,0,EW
22.848,2,0,EW
22.865,2,0,EW
22.882,2,0,EW
22.899,2,0,EW
22.916,2,0,EW
22.933,2,0,EW
22.95,2,0,EW
22.967,2,0,EW
22.984,2,0,EW
23.001,2,0,EW
23.018,2,0,EW
23.035,2,0,EW
23.052,2,0,EW
23.069,2,0,EW
23.086,2,0,EW
23.103,2,0,EW
23.12,2,0,EW
23.137,2,0,EW
23.153,2,0,EW
23.17,2,0,EW
23.187,2,0,EW
23.203,2,0,EW
23.22,2,0,EW
23.237,2,0,EW
23.254,2,0,EW
23.27,2,0,EW
23.287,2,0,EW
23.304,2,0,EW
23.321,2,0,EW
23.337,2,0,EW
23.354,2,0,EW
23.371,2,0,EW
23.388,2,0,EW
23.405,2,0,EW
23.422,2,0,EW
23.439,2,0,EW
23.456,2,0,EW
23.501,2,0,EW
23.518,2,0,EW
23.535,2,0,EW
23.552,2,0,EW
23.569,2,0,EW
23.586,2,0,EW
23.603,2,0,EW
23.621,2,0,EW
23.638,2,0,EW
23.655,2,0,EW
23.672,2,0,EW
23.689,2,0,EW
23.706,2,0,EW
23.723,3,0,EW
23.74,3,0,EW
23.757,3,0,EW
23.774,3,0,EW
23.797,3,0,EW
23.814,3,0,EW
23.831,3,0,EW
23.848,3,0,EW
23.865,3,0,EW
23.882,3,0,EW
23.899,3,0,EW
23.916,3,0,EW
23.933,3,0,EW
23.95,3,0,EW
23.967,3,0,EW
23.984,3,0,EW
24.001,3,0,EW
24.018,3,0,EW
24.035,3,0,EW
24.052,3,0,EW
24.069,3,0,EW
24.086,3,0,EW
24.103,3,0,EW
24.12,3,0,EW
24.137,3,0,EW
24.154,3,0,EW
24.171,3,0,EW
24.188,3,0,EW
24.205,3,0,EW
24.222,3,0,EW
24.239,3,0,EW
24.255,3,0,EW
24.272,3,0,EW
24.289,3,0,EW
24.306,3,0,EW
24.323,3,0,EW
24.341,3,0,EW
24.358,3,0,EW
24.375,3,0,EW
24.392,3,0,EW
24.409,3,0,EW
24.426,3,0,EW
24.443,3,0,EW
24.46,3,0,EW
24.477,3,0,EW
24.494,3,0,EW
24.511,3,0,EW
24.528,3,0,EW
24.545,3,0,EW
24.562,3,0,EW
24.579,3,0,EW
24.596,3,0,EW
24.613,3,0,EW
24.63,3,0,EW
24.647,3,0,EW
24.664,3,0,EW
24.681,3,0,EW
24.698,3,0,EW
24.715,3,0,EW
24.732,3,0,EW
24.749,3,0,EW
24.766,3,0,EW
24.783,3,0,EW
24.8,3,0,EW
24.818,3,0,EW
24.835,3,0,EW
24.852,3,0,EW
24.869,3,0,EW
24.886,3,0,EW
24.903,3,0,EW
24.92,3,0,EW
24.937,3,0,EW
24.953,3,0,EW
24.97,3,0,EW
24.986,3,0,EW
25.003,3,0,EW
25.02,3,0,EW
25.037,3,0,EW
25.054,3,0,EW
25.071,3,0,EW
25.087,3,0,EW
25.104,3,0,EW
25.121,3,0,EW
25.138,3,0,EW
25.155,3,0,EW
25.172,3,0,EW
25.189,3,0,EW
25.206,3,0,EW
25.223,3,0,EW
25.24,3,0,EW
25.257,3,0,EW
25.274,3,0,EW
25.291,3,0,EW
25.309,3,0,EW
25.326,3,0,EW
25.343,3,0,EW
25.36,3,0,EW
25.377,3,0,EW
25.394,3,0,EW
25.412,3,0,EW
25.429,3,0,EW
25.446,3,0,EW
25.463,3,0,EW
25.48,3,0,EW
25.497,3,0,EW
25.514,3,0,EW
25.531,3,0,EW
25.548,3,0,EW
25.565,3,0,EW
25.582,3,0,EW
25.599,3,0,EW
25.616,3,0,EW
25.633,3,0,EW
25.65,3,0,EW
25.667,3,0,EW
25.684,3,0,EW
25.701,3,0,EW
25.718,3,0,EW
25.735,3,0,EW
25.752,4,0,EW
25.769,4,0,EW
25.786,4,0,EW
25.803,4,0,EW
25.82,4,0,EW
25.837,4,0,EW
25.854,4,0,EW
25.871,4,0,EW
25.888,4,0,EW
25.905,4,0,EW
25.922,4,0,EW
25.939,4,0,EW
25.956,4,0,EW
25.973,4,0,EW
25.99,4,0,EW
26.007,4,0,EW
26.024,4,0,EW
26.041,4,0,EW
26.058,4,0,EW
26.075,4,0,EW
26.092,4,0,EW
26.109,4,0,EW
26.126,4,0,EW
26.143,4,0,EW
26.16,4,0,EW
26.177,4,0,EW
26.194,4,0,EW
26.211,4,0,EW
26.228,4,0,EW
26.245,4,0,EW
26.262,4,0,EW
26.279,4,0,EW
26.296,4,0,EW
26.313,4,0,EW
26.33,4,0,EW
26.347,4,0,EW
26.364,4,0,EW
26.381,4,0,EW
26.397,4,0,EW
26.414,4,0,EW
26.431,4,0,EW
26.448,4,0,EW
26.465,4,0,EW
26.481,3,0,EW
26.498,3,0,EW
26.515,3,0,EW
26.532,3,0,EW
26.548,3,0,EW
26.565,3,0,EW
26.582,3,0,EW
26.599,3,0,EW
26.616,3,0,EW
26.633,3,0,EW
26.65,3,0,EW
26.667,3,0,EW
26.684,3,0,EW
26.701,3,0,EW
26.718,3,0,EW
26.736,3,0,EW
26.753,3,0,EW
26.77,3,0,EW
26.787,3,0,EW
26.804,3,0,EW
26.821,3,0,EW
26.838,3,0,EW
26.855,3,0,EW
26.872,3,0,EW
26.889,3,0,EW
26.906,3,0,EW
26.923,3,0,EW
26.94,3,0,EW
26.957,3,0,EW
26.974,3,0,EW
26.991,3,0,EW
27.008,3,0,EW
27.025,3,0,EW
27.043,3,0,EW
27.06,3,0,EW
27.077,3,0,EW
27.094,3,0,EW
27.111,3,0,EW
27.128,3,0,EW
27.145,3,0,EW
27.162,3,0,EW
27.179,3,0,EW
27.196,3,0,EW
27.213,3,0,EW
27.23,3,0,EW
27.247,3,0,EW
27.264,3,0,EW
27.281,3,0,EW
27.298,3,0,EW
27.315,3,0,EW
27.332,3,0,EW
27.349,3,0,EW
27.367,3,0,EW
27.384,3,0,EW
27.401,3,0,EW
27.418,3,0,EW
27.435,3,0,EW
27.452,3,0,EW
27.469,3,0,EW
27.486,3,0,EW
27.503,3,0,EW
27.52,3,0,EW
27.537,3,0,EW
27.554,3,0,EW
27.571,3,0,EW
27.588,3,0,EW
27.604,3,0,EW
27.621,3,0,EW
27.638,3,0,EW
27.655,3,0,EW
27.672,3,0,EW
27.689,3,0,EW
27.706,3,0,EW
27.723,3,0,EW
27.74,3,0,EW
27.757,3,0,EW
27.774,3,0,EW
27.791,3,0,EW
27.808,3,0,EW
27.825,3,0,EW
27.842,3,0,EW
27.859,3,0,EW
27.876,3,0,EW
27.893,3,0,EW
27.91,3,0,EW
27.927,4,0,EW
27.944,4,0,EW
27.961,4,0,EW
27.978,4,0,EW
27.995,4,0,EW
28.012,4,0,EW
28.029,4,0,EW
28.046,4,0,EW
28.063,4,0,EW
28.08,4,0,EW
28.097,4,0,EW
28.114,4,0,EW
28.131,4,0,EW
28.148,4,0,EW
28.165,4,0,EW
28.182,4,0,EW
28.199,4,0,EW
28.216,4,0,EW
28.233,4,0,EW
28.25,4,0,EW
28.268,4,0,EW
28.285,4,0,EW
28.302,4,0,EW
28.319,4,0,EW
28.336,4,0,EW
28.353,4,0,EW
28.37,4,0,EW
28.387,4,0,EW
28.404,4,0,EW
28.421,4,0,EW
28.438,4,0,EW
28.455,4,0,EW
28.472,4,0,EW
28.489,4,0,EW
28.507,4,0,EW
28.525,4,0,EW
28.542,4,0,EW
28.559,4,0,EW
28.576,4,0,EW
28.593,4,0,EW
28.61,4,0,EW
28.627,4,0,EW
28.644,4,0,EW
28.661,4,0,EW
28.678,4,0,EW
28.695,4,0,EW
28.713,4,0,EW
28.73,4,0,EW
28.747,4,0,EW
28.764,4,0,EW
28.781,4,0,EW
28.798,4,0,EW
28.815,4,0,EW
28.832,4,0,EW
28.849,4,0,EW
28.866,4,0,EW
28.883,4,0,EW
28.9,4,0,EW
28.917,4,0,EW
28.934,4,0,EW
28.951,4,0,EW
28.968,4,0,EW
28.985,4,0,EW
29.002,4,0,EW
29.019,4,0,EW
29.037,4,0,EW
29.054,4,0,EW
29.071,4,0,EW
29.088,4,0,EW
29.104,4,0,EW
29.121,4,0,EW
29.138,4,0,EW
29.155,4,0,EW
29.172,4,0,EW
29.189,4,0,EW
29.206,4,0,EW
29.223,4,0,EW
29.24,4,0,EW
29.257,4,0,EW
29.274,4,0,EW
29.291,4,0,EW
29.308,4,0,EW
29.325,4,0,EW
29.342,4,0,EW
29.359,4,0,EW
29.376,4,0,EW
29.393,4,0,EW
29.41,4,0,EW
29.427,4,0,EW
29.444,4,0,EW
29.461,4,0,EW
29.478,4,0,EW
29.495,4,0,EW
29.512,4,0,EW
29.529,4,0,EW
29.546,4,0,EW
29.563,4,0,EW
29.581,4,0,EW
29.598,4,0,EW
29.615,4,0,EW
29.632,4,0,EW
29.649,4,0,EW
29.666,4,0,EW
29.683,4,0,EW
29.7,4,0,EW
29.717,4,0,EW
29.734,4,0,EW
29.751,4,0,EW
29.768,4,0,EW
29.785,4,0,EW
29.802,4,0,EW
29.819,4,0,EW
29.836,4,0,EW
29.853,4,0,EW
29.87,4,0,EW
29.887,4,0,EW
29.904,4,0,EW
29.921,4,0,EW
29.939,4,0,EW
29.956,4,0,EW
29.973,4,0,EW
29.99,5,0,EW
30.007,5,0,EW
30.024,5,0,EW
30.041,5,0,EW
30.058,5,0,EW
30.075,5,0,EW
30.092,5,0,EW
30.109,5,0,EW
30.126,5,0,EW
30.143,5,0,EW
30.16,5,0,EW
30.177,5,0,EW
30.194,5,0,EW
30.211,5,0,EW
30.228,5,0,EW
30.245,5,0,EW
30.262,5,0,EW
30.279,5,0,EW
30.296,5,0,EW
30.313,5,0,EW
30.33,5,0,EW
30.348,5,0,EW
30.365,5,0,EW
30.382,5,0,EW
30.399,5,0,EW
30.416,5,0,EW
30.433,5,0,EW
30.45,5,0,EW
30.467,5,0,EW
30.484,5,0,EW
30.501,5,0,EW
30.518,5,0,EW
30.535,5,0,EW
30.552,5,0,EW
30.569,5,0,EW
30.586,5,0,EW
30.603,5,0,EW
30.62,5,0,EW
30.637,5,0,EW
30.654,5,0,EW
30.671,5,0,EW
30.688,5,0,EW
30.705,5,0,EW
30.722,4,0,EW
30.739,4,0,EW
30.756,4,0,EW
30.773,4,0,EW
30.79,4,0,EW
30.807,4,0,EW
30.824,4,0,EW
30.841,4,0,EW
30.858,4,0,EW
30.875,4,0,EW
30.892,4,0,EW
30.909,4,0,EW
30.926,4,0,EW
30.943,4,0,EW
30.96,4,0,EW
30.977,4,0,EW
30.994,4,0,EW
31.011,4,0,EW
31.028,4,0,EW
31.045,4,0,NS
31.062,3,0,NS
31.079,3,0,NS
31.096,3,0,NS
31.113,3,0,NS
31.13,3,0,NS
31.147,3,0,NS
31.163,3,0,NS
31.18,3,0,NS
31.196,3,0,NS
31.213,3,0,NS
31.23,3,0,NS
31.247,3,0,NS
31.264,3,0,NS
31.281,3,0,NS
31.298,3,0,NS
31.315,3,0,NS
31.332,3,0,NS
31.349,3,0,NS
31.366,3,0,NS
31.383,2,0,NS
31.4,2,0,NS
31.417,2,0,NS
31.434,2,0,NS
31.451,2,0,NS
31.468,2,0,NS
31.485,2,0,NS
31.502,2,0,NS
31.519,2,0,NS
31.536,2,0,NS
31.553,2,0,NS
31.57,2,0,NS
31.587,2,0,NS
31.604,1,0,NS
31.621,1,0,NS
31.638,1,0,NS
31.655,1,0,NS
31.672,1,0,NS
31.689,1,0,NS
31.706,1,0,NS
31.723,1,0,NS
31.74,1,0,NS
31.757,1,0,NS
31.774,1,0,NS
31.791,1,0,NS
31.808,0,0,NS
31.826,0,0,NS
31.843,0,0,NS
31.86,0,0,NS
31.877,0,0,NS
31.894,0,0,NS
31.911,0,0,NS
31.928,0,0,NS
31.945,0,0,NS
31.963,0,0,NS
31.98,0,0,NS
31.997,0,0,NS
32.014,0,0,NS
32.031,0,0,NS
32.048,0,0,NS
32.065,0,0,NS
32.082,0,0,NS
32.099,0,0,NS
32.116,0,0,NS
32.133,0,0,NS
32.15,0,0,NS
32.167,0,0,NS
32.184,0,0,NS
32.201,0,0,NS
32.218,1,0,NS
32.235,1,0,NS
32.252,1,0,NS
32.268,1,0,NS
32.285,1,0,NS
32.302,1,0,NS
32.319,1,0,NS
32.336,1,0,NS
32.353,1,0,NS
32.37,1,0,NS
32.387,1,0,NS
32.404,1,0,NS
32.421,1,0,NS
32.438,1,0,NS
32.455,1,0,NS
32.472,1,0,NS
32.49,1,0,NS
32.507,1,0,NS
32.524,1,0,NS
32.541,1,0,NS
32.558,1,0,NS
32.575,1,0,NS
32.592,1,0,NS
32.609,1,0,NS
32.626,1,0,NS
32.643,1,0,NS
32.66,1,0,NS
32.677,1,0,NS
32.694,1,0,NS
32.711,1,0,NS
32.728,1,0,NS
32.745,1,0,NS
32.762,1,0,NS
32.779,1,0,NS
32.796,1,0,NS
32.813,1,0,NS
32.829,1,0,NS
32.846,1,0,NS
32.863,1,0,NS
32.88,1,0,NS
32.897,1,0,NS
32.914,1,0,NS
32.964,1,0,NS
32.981,0,0,NS
32.998,0,0,NS
33.015,0,0,NS
33.032,0,0,NS
33.049,0,0,NS
33.066,0,0,NS
33.083,0,0,NS
33.1,0,0,NS
33.117,0,0,NS
33.134,0,0,NS
33.151,0,0,NS
33.168,0,0,NS
33.185,0,0,NS
33.202,0,0,NS
33.219,0,0,NS
33.236,0,0,NS
33.253,0,0,NS
33.27,0,0,NS
33.287,0,0,NS
33.304,0,0,NS
33.321,0,0,NS
33.338,0,0,NS
33.355,0,0,NS
33.373,0,0,NS
33.39,0,0,NS
33.407,0,0,NS
33.424,0,0,NS
33.441,0,0,NS
33.458,0,0,NS
33.475,0,0,NS
33.492,0,0,NS
33.509,0,0,NS
33.526,0,0,NS
33.544,0,0,NS
33.561,0,0,NS
33.578,0,0,NS
33.595,0,0,NS
33.612,0,0,NS
33.629,0,0,NS
33.647,0,0,NS
33.664,0,0,NS
33.681,0,0,NS
33.698,0,0,NS
33.715,0,0,NS
33.732,0,0,NS
33.749,0,0,NS
33.766,0,0,NS
33.783,0,0,NS
33.8,0,0,NS
33.817,0,0,NS
33.834,0,0,NS
33.851,0,0,NS
33.868,0,0,NS
33.885,0,0,NS
33.902,0,0,NS
33.919,1,0,NS
33.936,1,0,NS
33.953,1,0,NS
33.97,1,0,NS
33.987,1,0,NS
34.004,1,0,NS
34.021,1,0,NS
34.038,1,0,NS
34.055,1,0,NS
34.072,1,0,NS
34.089,1,0,NS
34.106,1,0,NS
34.123,1,0,NS
34.14,1,0,NS
34.157,1,0,NS
34.174,1,0,NS
34.191,1,0,NS
34.208,1,0,NS
34.225,1,0,NS
34.242,1,0,NS
34.259,1,0,NS
34.276,1,0,NS
34.293,1,0,NS
34.31,1,0,NS
34.327,1,0,NS
34.344,1,0,NS
34.361,1,0,NS
34.378,1,0,NS
34.396,1,0,NS
34.413,1,0,NS
34.43,1,0,NS
34.447,1,0,NS
34.464,1,0,NS
34.481,1,0,NS
34.498,1,0,NS
34.515,1,0,NS
34.532,1,0,NS
34.549,1,0,NS
34.566,1,0,NS
34.583,1,0,NS
34.6,1,0,NS
34.618,1,0,NS
34.635,1,0,NS
34.652,0,0,NS
34.669,0,0,NS
34.686,0,0,NS
34.703,0,0,NS
34.721,0,0,NS
34.738,0,0,NS
34.755,0,0,NS
34.772,0,0,NS
34.789,0,0,NS
34.806,0,0,NS
34.823,0,0,NS
34.84,0,0,NS
34.857,0,0,NS
34.874,0,0,NS
34.891,0,0,NS
34.908,0,0,NS
34.925,0,0,NS
34.942,0,0,NS
34.959,0,0,NS
34.976,0,0,NS
34.993,0,0,NS
35.01,0,0,NS
35.027,0,0,NS
35.044,0,0,NS
35.061,0,0,NS
35.078,0,0,NS
35.095,0,0,NS
35.112,0,0,NS
35.129,0,0,NS
35.146,0,0,NS
35.163,0,0,NS
35.18,0,0,NS
35.197,0,0,NS
35.213,0,0,NS
35.23,0,0,NS
35.247,0,0,NS
35.264,0,0,NS
35.281,0,0,NS
35.298,0,0,NS
35.315,0,0,NS
35.332,0,0,NS
35.35,0,0,NS
35.367,0,0,NS
35.384,0,0,NS
35.401,0,0,NS
35.418,0,0,NS
35.435,0,0,NS
35.452,0,0,NS
35.469,0,0,NS
35.486,0,0,NS
35.503,0,0,NS
35.52,0,0,NS
35.537,0,0,NS
35.554,0,0,NS
35.571,0,0,NS
35.588,0,0,NS
35.605,0,0,NS
35.622,1,0,NS
35.639,1,0,NS
35.656,1,0,NS
35.673,1,0,NS
35.69,1,0,NS
35.707,1,0,NS
35.724,1,0,NS
35.741,1,0,NS
35.758,1,0,NS
35.775,1,0,NS
35.792,1,0,NS
35.809,1,0,NS
35.826,1,0,NS
35.843,1,0,NS
35.86,1,0,NS
35.877,1,0,NS
35.894,1,0,NS
35.911,1,0,NS
35.928,1,0,NS
35.945,1,0,NS
35.962,1,0,NS
35.979,1,0,NS
35.996,1,0,NS
36.013,1,0,NS
36.031,1,0,NS
36.048,1,0,NS
36.066,1,0,NS
36.083,1,0,NS
36.1,1,0,NS
36.117,1,0,NS
36.134,1,0,NS
36.151,1,0,NS
36.168,1,0,NS
36.185,1,0,NS
36.202,1,0,NS
36.219,1,0,NS
36.236,1,0,NS
36.253,1,0,NS
36.27,1,0,NS
36.287,1,0,NS
36.304,1,0,NS
36.321,1,0,NS
36.338,1,0,NS
36.355,1,0,NS
36.372,1,0,NS
36.389,1,0,NS
36.406,1,0,NS
36.423,1,0,NS
36.44,1,0,NS
36.457,1,0,NS
36.474,1,0,NS
36.491,1,0,NS
36.508,1,0,NS
36.525,1,0,NS
36.542,1,0,NS
36.559,1,0,NS
36.577,1,0,NS
36.594,1,0,NS
36.611,1,0,NS
36.628,1,0,NS
36.645,1,0,NS
36.662,1,0,NS
36.679,1,0,NS
36.696,1,0,NS
36.713,1,0,NS
36.731,1,0,NS
36.748,1,0,NS
36.764,1,0,NS
36.781,1,0,NS
36.798,1,0,NS
36.815,1,0,NS
36.832,1,0,NS
36.849,1,0,NS
36.866,1,0,NS
36.883,1,0,NS
36.9,1,0,NS
36.917,1,0,NS
36.934,1,0,NS
36.951,1,0,NS
36.968,1,0,NS
36.985,1,0,NS
37.002,1,0,NS
37.019,1,0,NS
37.036,1,0,NS
37.053,1,0,NS
37.07,1,0,NS
37.087,1,0,NS
37.104,1,0,NS
37.121,1,0,NS
37.138,1,0,NS
37.155,1,0,NS
37.172,1,0,NS
37.189,1,0,NS
37.206,1,0,NS
37.223,2,0,NS
37.24,2,0,NS
37.257,2,0,NS
37.274,2,0,NS
37.291,2,0,NS
37.308,2,0,NS
37.325,2,0,NS
37.342,2,0,NS
37.359,2,0,NS
37.376,2,0,NS
37.393,2,0,NS
37.41,2,0,NS
37.427,2,0,NS
37.444,2,0,NS
37.461,2,0,NS
37.478,2,0,NS
37.495,2,0,NS
37.512,2,0,NS
37.529,2,0,NS
37.546,2,0,NS
37.563,2,0,NS
37.58,2,0,NS
37.597,2,0,NS
37.614,2,0,NS
37.631,2,0,NS
37.648,2,0,NS
37.665,2,0,NS
37.682,2,0,NS
37.699,2,0,NS
37.716,2,0,NS
37.733,2,0,NS
37.75,2,0,NS
37.767,2,0,NS
37.784,2,0,NS
37.801,2,0,NS
37.818,2,0,NS
37.835,2,0,NS
37.852,2,0,NS
37.869,2,0,NS
37.886,2,0,NS
37.903,2,0,NS
37.919,2,0,NS
37.936,2,0,NS
37.953,1,0,NS
37.97,1,0,NS
37.987,1,0,NS
38.004,1,0,NS
38.021,1,0,NS
38.038,1,0,NS
38.055,1,0,NS
38.072,1,0,NS
38.089,1,0,NS
38.106,1,0,NS
38.123,1,0,NS
38.14,1,0,NS
38.157,1,0,NS
38.174,1,0,NS
38.191,1,0,NS
38.208,1,0,NS
38.225,1,0,NS
38.242,1,0,NS
38.259,1,0,NS
38.276,1,0,NS
38.293,1,0,NS
38.31,1,0,NS
38.327,1,0,NS
38.344,1,0,NS
38.361,1,0,NS
38.378,1,0,NS
38.395,1,0,NS
38.412,1,0,NS
38.429,1,0,NS
38.446,1,0,NS
38.463,1,0,NS
38.48,1,0,NS
38.497,1,0,NS
38.514,1,0,NS
38.531,1,0,NS
38.548,1,0,NS
38.565,1,0,NS
38.583,1,0,NS
38.6,1,0,NS
38.617,1,0,NS
38.634,1,0,NS
38.651,1,0,NS
38.668,1,0,NS
38.685,1,0,NS
38.702,1,0,NS
38.719,1,0,NS
38.736,1,0,NS
38.753,1,0,NS
38.77,1,0,NS
38.787,1,0,NS
38.804,1,0,NS
38.821,1,0,NS
38.838,2,0,NS
38.855,2,0,NS
38.872,2,0,NS
38.889,2,0,NS
38.906,2,0,NS
38.923,2,0,NS
38.94,2,0,NS
38.957,2,0,NS
38.974,2,0,NS
38.992,2,0,NS
39.009,2,0,NS
39.026,2,0,NS
39.043,2,0,NS
39.06,2,0,NS
39.077,2,0,NS
39.094,2,0,NS
39.111,2,0,NS
39.128,2,0,NS
39.145,2,0,NS
39.162,2,0,NS
39.18,2,0,NS
39.197,2,0,NS
39.214,2,0,NS
39.231,2,0,NS
39.248,2,0,NS
39.265,2,0,NS
39.282,2,0,NS
39.298,2,0,NS
39.315,2,0,NS
39.332,2,0,NS
39.348,2,0,NS
39.366,2,0,NS
39.383,2,0,NS
39.4,2,0,NS
39.417,2,0,NS
39.434,2,0,NS
39.452,2,0,NS
39.469,2,0,NS
39.486,2,0,NS
39.503,2,0,NS
39.52,2,0,NS
39.537,2,0,NS
39.554,2,0,NS
39.571,1,0,NS
39.588,1,0,NS
39.605,1,0,NS
39.622,1,0,NS
39.639,1,0,NS
39.656,1,0,NS
39.673,1,0,NS
39.69,1,0,NS
39.707,1,0,NS
39.724,1,0,NS
39.741,1,0,NS
39.758,1,0,NS
39.775,1,0,NS
39.792,1,0,NS
39.809,1,0,NS
39.826,1,0,NS
39.843,1,0,NS
39.86,1,0,NS
39.877,1,0,NS
39.894,1,0,NS
39.911,1,0,NS
39.928,1,0,NS
39.945,1,0,NS
39.962,1,0,NS
39.979,1,0,NS
39.996,1,0,NS
40.013,2,0,NS
40.03,2,0,NS
40.047,2,0,NS
40.064,2,0,NS
40.081,2,0,NS
40.098,2,0,NS
40.115,2,0,NS
40.132,2,0,NS
40.149,2,0,NS
40.166,2,0,NS
40.183,2,0,NS
40.2,2,0,NS
40.217,2,0,NS
40.234,2,0,NS
40.251,2,0,NS
40.268,2,0,NS
40.285,2,0,NS
40.302,2,0,NS
40.318,2,0,NS
40.335,2,0,NS
40.352,2,0,NS
40.368,2,0,NS
40.385,2,0,NS
40.402,2,0,NS
40.419,2,0,NS
40.436,2,0,NS
40.453,2,0,NS
40.47,2,0,NS
40.487,2,0,NS
40.504,2,0,NS
40.521,2,0,NS
40.538,3,0,NS
40.555,3,0,NS
40.572,3,0,NS
40.589,3,0,NS
40.606,3,0,NS
40.623,3,0,NS
40.64,3,0,NS
40.657,3,0,NS
40.674,3,0,NS
40.691,3,0,NS
40.708,3,0,NS
40.725,3,0,NS
40.742,3,0,NS
40.759,3,0,NS
40.776,3,0,NS
40.793,3,0,NS
40.81,3,0,NS
40.827,3,0,NS
40.844,3,0,NS
40.861,3,0,NS
40.878,3,0,NS
40.895,3,0,NS
40.912,3,0,NS
40.929,3,0,NS
40.946,3,0,NS
40.963,3,0,NS
40.98,3,0,NS
40.997,3,0,NS
41.015,3,0,NS
41.032,3,0,NS
41.049,3,0,NS
41.066,3,0,NS
41.083,3,0,NS
41.1,3,0,NS
41.116,3,0,NS
41.133,3,0,NS
41.15,3,0,NS
41.167,3,0,NS
41.184,3,0,NS
41.201,3,0,NS
41.218,3,0,NS
41.235,3,0,NS
41.252,3,0,NS
41.269,2,0,NS
41.286,2,0,NS
41.303,2,0,NS
41.32,2,0,NS
41.337,2,0,NS
41.355,2,0,NS
41.372,2,0,NS
41.388,2,0,NS
41.405,2,0,NS
41.422,2,0,NS
41.439,2,0,NS
41.456,2,0,NS
41.473,2,0,NS
41.49,2,0,NS
41.507,2,0,NS
41.524,2,0,NS
41.541,2,0,NS
41.558,2,0,NS
41.576,2,0,NS
41.593,2,0,NS
41.61,2,0,NS
41.627,2,0,NS
41.644,2,0,NS
41.661,2,0,NS
41.678,2,0,NS
41.695,2,0,NS
41.711,2,0,NS
41.728,2,0,NS
41.745,2,0,NS
41.762,2,0,NS
41.779,2,0,NS
41.796,2,0,NS
41.813,2,0,NS
41.83,2,0,NS
41.847,2,0,NS
41.864,2,0,NS
41.881,2,0,NS
41.898,2,0,NS
41.915,2,0,NS
41.932,2,0,NS
41.949,2,0,NS
41.966,2,0,NS
41.983,2,0,NS
42.0,2,0,NS
42.017,2,0,NS
42.034,2,0,NS
42.051,2,0,NS
42.068,2,0,NS
42.085,2,0,NS
42.102,2,0,NS
42.119,2,0,NS
42.136,2,0,NS
42.153,2,0,NS
42.17,3,0,NS
42.187,3,0,NS
42.204,3,0,NS
42.221,3,0,NS
42.238,3,0,NS
42.255,3,0,NS
42.272,3,0,NS
42.289,3,0,NS
42.306,3,0,NS
42.323,3,0,NS
42.34,3,0,NS
42.357,3,0,NS
42.375,3,0,NS
42.392,3,0,NS
42.409,3,0,NS
42.426,3,0,NS
42.443,3,0,NS
42.46,3,0,NS
42.477,3,0,NS
42.494,3,0,NS
42.511,3,0,NS
42.528,3,0,NS
42.545,3,0,NS
42.562,3,0,NS
42.579,3,0,NS
42.596,3,0,NS
42.613,3,0,NS
42.63,3,0,NS
42.648,3,0,NS
42.665,3,0,NS
42.682,3,0,NS
42.699,3,0,NS
42.716,3,0,NS
42.734,3,0,NS
42.751,3,0,NS
42.768,3,0,NS
42.785,3,0,NS
42.802,3,0,NS
42.819,3,0,NS
42.836,3,0,NS
42.853,3,0,NS
42.87,3,0,NS
42.887,3,0,NS
42.904,2,0,NS
42.921,2,0,NS
42.938,2,0,NS
42.955,2,0,NS
42.972,2,0,NS
42.989,2,0,NS
43.006,2,0,NS
43.023,2,0,NS
43.04,2,0,NS
43.057,2,0,NS
43.074,2,0,NS
43.091,2,0,NS
43.108,2,0,NS
43.125,2,0,NS
43.142,2,0,NS
43.159,2,0,NS
43.176,2,0,NS
43.193,2,0,NS
43.21,2,0,NS
43.227,2,0,NS
43.244,2,0,NS
43.261,2,0,NS
43.278,2,0,NS
43.295,2,0,NS
43.312,3,0,NS
43.329,3,0,NS
43.346,3,0,NS
43.363,3,0,NS
43.38,3,0,NS
43.397,3,0,NS
43.414,3,0,NS
43.431,3,0,NS
43.448,3,0,NS
43.466,3,0,NS
43.483,3,0,NS
43.5,3,0,NS
43.517,3,0,NS
43.534,3,0,NS
43.551,3,0,NS
43.568,3,0,NS
43.586,3,0,NS
43.603,3,0,NS
43.62,3,0,NS
43.637,3,0,NS
43.653,3,0,NS
43.67,3,0,NS
43.687,3,0,NS
43.704,3,0,NS
43.721,3,0,NS
43.738,3,0,NS
43.755,3,0,NS
43.772,3,0,NS
43.789,3,0,NS
43.806,3,0,NS
43.823,3,0,NS
43.84,3,0,NS
43.857,3,0,NS
43.874,3,0,NS
43.891,3,0,NS
43.908,3,0,NS
43.925,3,0,NS
43.942,3,0,NS
43.959,4,0,NS
43.976,4,0,NS
43.993,4,0,NS
44.011,4,0,NS
44.028,4,0,NS
44.045,4,0,NS
44.062,4,0,NS
44.079,4,0,NS
44.096,4,0,NS
44.113,4,0,NS
44.13,4,0,NS
44.148,4,0,NS
44.165,4,0,NS
44.182,4,0,NS
44.199,4,0,NS
44.216,4,0,NS
44.233,4,0,NS
44.25,4,0,NS
44.267,4,0,NS
44.284,4,0,NS
44.301,4,0,NS
44.318,4,0,NS
44.335,4,0,NS
44.352,4,0,NS
44.369,4,0,NS
44.386,4,0,NS
44.403,4,0,NS
44.42,4,0,NS
44.437,4,0,NS
44.454,4,0,NS
44.471,4,0,NS
44.488,4,0,NS
44.505,4,0,NS
44.522,4,0,NS
44.539,4,0,NS
44.556,4,0,NS
44.574,4,0,NS
44.591,4,0,NS
44.608,4,0,NS
44.625,4,0,NS
44.642,4,0,NS
44.659,4,0,NS
44.676,4,0,NS
44.693,3,0,NS
44.71,3,0,NS
44.727,3,0,NS
44.744,3,0,NS
44.761,3,0,NS
44.778,3,0,NS
44.795,3,0,NS
44.812,3,0,NS
44.829,3,0,NS
44.846,3,0,NS
44.863,3,0,NS
44.88,3,0,NS
44.897,3,0,NS
44.914,3,0,NS
44.931,3,0,NS
44.948,3,0,NS
44.965,3,0,NS
44.982,3,0,NS
44.999,3,0,NS
45.016,3,0,NS
45.033,3,0,NS
45.05,3,0,NS
45.067,3,0,NS
45.084,3,0,NS
45.101,3,0,NS
45.118,3,0,NS
45.135,3,0,NS
45.152,3,0,NS
45.169,3,0,NS
45.186,3,0,NS
45.203,3,0,NS
45.22,3,0,NS
45.237,3,0,NS
45.254,3,0,NS
45.271,3,0,NS
45.288,3,0,NS
45.305,3,0,NS
45.322,3,0,NS
45.339,3,0,NS
45.356,3,0,NS
45.373,3,0,NS
45.39,3,0,NS
45.407,3,0,NS
45.424,3,0,NS
45.441,3,0,NS
45.458,3,0,NS
45.475,3,0,NS
45.492,3,0,NS
45.509,3,0,NS
45.526,3,0,NS
45.543,3,0,NS
45.56,3,0,NS
45.577,3,0,NS
45.594,3,0,NS
45.611,3,0,NS
45.628,3,0,NS
45.645,3,0,NS
45.662,3,0,NS
45.679,3,0,NS
45.696,4,0,NS
45.713,4,0,NS
45.73,4,0,NS
45.747,4,0,NS
45.764,4,0,NS
45.781,4,0,NS
45.798,4,0,NS
45.815,4,0,NS
45.832,4,0,NS
45.849,4,0,NS
45.866,4,0,NS
45.883,4,0,NS
45.9,4,0,NS
45.917,4,0,NS
45.934,4,0,NS
45.951,4,0,NS
45.968,4,0,NS
45.985,4,0,NS
46.002,4,0,NS
46.019,4,0,NS
46.036,4,0,NS
46.053,4,0,NS
46.07,4,0,NS
46.087,4,0,NS
46.104,4,0,NS
46.121,4,0,NS
46.138,4,0,NS
46.155,4,0,NS
46.172,4,0,NS
46.19,4,0,NS
46.207,4,0,NS
46.224,4,0,NS
46.241,4,0,NS
46.258,4,0,NS
46.275,4,0,NS
46.292,4,0,NS
46.309,4,0,NS
46.326,4,0,EW
46.343,2,0,EW
46.36,2,0,EW
46.377,2,0,EW
46.394,2,0,EW
46.411,2,0,EW
46.428,2,0,EW
46.445,2,0,EW
46.462,2,0,EW
46.479,2,0,EW
46.496,2,0,EW
46.513,2,0,EW
46.53,2,0,EW
46.547,2,0,EW
46.564,1,0,EW
46.581,1,0,EW
46.598,1,0,EW
46.615,1,0,EW
46.632,1,0,EW
46.649,1,0,EW
46.666,0,0,EW
46.683,0,0,EW
46.7,0,0,EW
46.717,0,0,EW
46.734,0,0,EW
46.751,0,0,EW
46.768,0,0,EW
46.785,0,0,EW
46.802,0,0,EW
46.819,0,0,EW
46.836,0,0,EW
46.853,0,0,EW
46.87,0,0,EW
46.887,0,0,EW
46.904,0,0,EW
46.921,0,0,EW
46.938,0,0,EW
46.955,0,0,EW
46.972,0,0,EW
46.989,0,0,EW
47.006,0,0,EW
47.023,0,0,EW
47.04,0,0,EW
47.057,0,0,EW
47.074,0,0,EW
47.091,0,0,EW
47.108,0,0,EW
47.125,0,0,EW
47.141,0,0,EW
47.158,0,0,EW
47.175,0,0,EW
47.192,0,0,EW
47.209,0,0,EW
47.226,0,0,EW
47.243,0,0,EW
47.26,1,0,EW
47.277,1,0,EW
47.294,1,0,EW
47.311,1,0,EW
47.328,1,0,EW
47.346,1,0,EW
47.363,1,0,EW
47.38,1,0,EW
47.397,1,0,EW
47.414,1,0,EW
47.431,1,0,EW
47.448,1,0,EW
47.465,1,0,EW
47.482,1,0,EW
47.499,1,0,EW
47.516,1,0,EW
47.533,1,0,EW
47.55,1,0,EW
47.567,1,0,EW
47.584,1,0,EW
47.601,1,0,EW
47.618,1,0,EW
47.635,1,0,EW
47.652,1,0,EW
47.669,1,0,EW
47.686,1,0,EW
47.703,1,0,EW
47.72,1,0,EW
47.737,1,0,EW
47.754,1,0,EW
47.771,1,0,EW
47.789,1,0,EW
47.806,1,0,EW
47.823,1,0,EW
47.84,1,0,EW
47.857,1,0,EW
47.874,1,0,EW
47.891,1,0,EW
47.908,1,0,EW
47.925,1,0,EW
47.942,1,0,EW
47.959,1,0,EW
47.976,1,0,EW
47.993,1,0,EW
48.01,1,0,EW
48.027,1,0,EW
48.044,1,0,EW
48.061,1,0,EW
48.078,1,0,EW
48.095,1,0,EW
48.112,1,0,EW
48.129,1,0,EW
48.146,1,0,EW
48.163,1,0,EW
48.181,1,0,EW
48.198,1,0,EW
48.215,1,0,EW
48.232,1,0,EW
48.249,1,0,EW
48.266,1,0,EW
48.283,1,0,EW
48.3,1,0,EW
48.317,1,0,EW
48.334,1,0,EW
48.351,1,0,EW
48.368,1,0,EW
48.385,1,0,EW
48.402,1,0,EW
48.419,1,0,EW
48.436,1,0,EW
48.453,1,0,EW
48.47,1,0,EW
48.487,1,0,EW
48.504,1,0,EW
48.521,1,0,EW
48.538,1,0,EW
48.555,1,0,EW
48.572,1,0,EW
48.589,1,0,EW
48.606,1,0,EW
48.623,1,0,EW
48.64,1,0,EW
48.657,1,0,EW
48.674,1,0,EW
48.691,1,0,EW
48.708,1,0,EW
48.725,1,0,EW
48.742,1,0,EW
48.759,1,0,EW
48.776,1,0,EW
48.793,1,0,EW
48.81,1,0,EW
48.827,1,0,EW
48.844,2,1,NS
48.861,2,1,NS
48.878,2,1,NS
48.895,2,1,NS
48.912,2,1,NS
48.929,2,1,NS
48.946,2,1,NS
48.963,2,1,NS
48.98,2,1,NS
48.997,2,1,NS
49.014,2,1,NS
49.031,2,1,NS
49.048,2,1,NS
49.065,2,1,NS
49.082,2,1,NS
49.099,2,1,NS
49.116,2,1,NS
49.133,2,1,NS
49.15,2,1,NS
49.167,2,1,NS
49.184,1,1,NS
49.201,1,1,NS
49.218,1,1,NS
49.235,1,1,NS
49.252,1,1,NS
49.269,1,1,NS
49.286,1,1,NS
49.303,1,1,NS
49.32,1,1,NS
49.337,1,1,NS
49.354,1,1,NS
49.371,1,1,NS
49.388,1,1,NS
49.405,1,1,NS
49.422,1,1,NS
49.439,1,1,NS
49.456,1,1,NS
49.473,1,1,NS
49.49,1,1,NS
49.507,1,1,NS
49.524,1,1,NS
49.541,1,1,NS
49.558,1,1,NS
49.576,0,0,NS
49.593,0,0,NS
49.61,0,0,NS
49.627,0,0,NS
49.644,0,0,NS
49.661,0,0,NS
49.678,0,0,NS
49.695,0,0,NS
49.712,0,0,NS
49.729,0,0,NS
49.746,0,0,NS
49.763,0,0,NS
49.78,0,0,NS
49.797,0,0,NS
49.814,0,0,NS
49.831,0,0,NS
49.848,0,0,NS
49.865,0,0,NS
49.882,0,0,NS
49.899,0,0,NS
49.916,0,0,NS
49.933,0,0,NS
49.95,0,0,NS
49.967,0,0,NS
49.984,0,0,NS
50.001,0,0,NS
50.018,0,0,NS
50.035,0,0,NS
50.052,0,0,NS
50.069,0,0,NS
50.086,0,0,NS
50.103,0,0,NS
50.12,0,0,NS
50.137,0,0,NS
50.154,0,0,NS
50.171,0,0,NS
50.188,0,0,NS
50.205,0,0,NS
50.222,0,0,NS
50.239,0,0,NS
50.256,0,0,NS
50.273,0,0,NS
50.291,0,0,NS
50.308,0,0,NS
50.325,0,0,NS
50.342,0,0,NS
50.359,0,0,NS
50.376,0,0,NS
50.393,0,0,NS
50.41,0,0,NS
50.427,0,0,NS
50.444,0,0,NS
50.461,0,0,NS
50.478,0,0,NS
50.495,1,0,NS
50.512,1,0,NS
50.529,1,0,NS
50.546,1,0,NS
50.563,1,0,NS
50.58,1,0,NS
50.597,1,0,NS
50.614,1,0,NS
50.631,1,0,NS
50.648,1,0,NS
50.665,1,0,NS
50.682,1,0,NS
50.699,1,0,NS
50.716,1,0,NS
50.733,1,0,NS
50.75,1,0,NS
50.767,1,0,NS
50.783,1,0,NS
50.8,1,0,NS
50.817,1,0,NS
50.834,1,0,NS
50.852,1,0,NS
50.869,1,0,NS
50.886,1,0,NS
50.903,1,0,NS
50.92,1,0,NS
50.937,1,0,NS
50.954,1,0,NS
50.971,1,0,NS
50.989,1,0,NS
51.006,1,0,NS
51.023,1,0,NS
51.04,1,0,NS
51.057,1,0,NS
51.074,1,0,NS
51.091,1,0,NS
51.108,1,0,NS
51.125,1,0,NS
51.141,1,0,NS
51.158,1,0,NS
51.175,1,0,NS
51.192,1,0,NS
51.209,1,0,NS
51.226,0,0,NS
51.243,0,0,NS
51.261,0,0,NS
51.278,0,0,NS
51.295,0,0,NS
51.312,0,0,NS
51.329,0,0,NS
51.346,0,0,NS
51.363,0,0,NS
51.38,0,0,NS
51.397,0,0,NS
51.414,0,0,NS
51.431,0,0,NS
51.448,0,0,NS
51.465,0,0,NS
51.482,0,0,NS
51.499,0,0,NS
51.516,0,0,NS
51.533,0,0,NS
51.55,0,0,NS
51.567,0,0,NS
51.585,0,0,NS
51.602,0,0,NS
51.62,0,0,NS
51.637,0,0,NS
51.654,0,0,NS
51.671,0,0,NS
51.688,0,0,NS
51.705,0,0,NS
51.722,0,0,NS
51.739,0,0,NS
51.756,0,0,NS
51.773,0,0,NS
51.79,0,0,NS
51.807,0,0,NS
51.825,0,0,NS
51.842,0,0,NS
51.859,0,0,NS
51.876,0,0,NS
51.893,0,0,NS
51.91,0,0,NS
51.927,0,0,NS
51.944,0,0,NS
51.961,0,0,NS
51.978,0,0,NS
51.995,0,0,NS
52.012,0,0,NS
52.029,0,0,NS
52.046,0,0,NS
52.063,0,0,NS
52.08,0,0,NS
52.097,0,0,NS
52.114,0,0,NS
52.131,0,0,NS
52.148,0,0,NS
52.165,0,0,NS
52.182,0,0,NS
52.199,0,0,NS
52.216,1,0,NS
52.233,1,0,NS
52.25,1,0,NS
52.267,1,0,NS
52.284,1,0,NS
52.302,1,0,NS
52.319,1,0,NS
52.336,1,0,NS
52.353,1,0,NS
52.37,1,0,NS
52.387,1,0,NS
52.403,1,0,NS
52.42,1,0,NS
52.437,1,0,NS
52.454,1,0,NS
52.471,1,0,NS
52.488,1,0,NS
52.506,1,0,NS
52.523,1,0,NS
52.54,1,0,NS
52.557,1,0,NS
52.574,1,0,NS
52.591,1,0,NS
52.608,1,0,NS
52.625,1,0,NS
52.643,1,0,NS
52.66,1,0,NS
52.677,1,0,NS
52.694,1,0,NS
52.71,1,0,NS
52.727,1,0,NS
52.744,1,0,NS
52.761,1,0,NS
52.778,1,0,NS
52.795,1,0,NS
52.812,1,0,NS
52.829,1,0,NS
52.846,1,0,NS
52.863,1,0,NS
52.88,1,0,NS
52.897,1,0,NS
52.914,1,0,NS
52.931,1,0,NS
52.948,0,0,NS
52.965,0,0,NS
52.982,0,0,NS
53.0,0,0,NS
53.017,0,0,NS
53.034,0,0,NS
53.051,0,0,NS
53.068,0,0,NS
53.085,0,0,NS
53.102,0,0,NS
53.119,0,0,NS
53.136,0,0,NS
53.153,0,0,NS
53.17,0,0,NS
53.187,0,0,NS
53.203,0,0,NS
53.22,0,0,NS
53.237,0,0,NS
53.254,0,0,NS
53.271,0,0,NS
53.288,0,0,NS
53.305,0,0,NS
53.322,0,0,NS
53.339,0,0,NS
53.356,0,0,NS
53.373,0,0,NS
53.39,0,0,NS
53.407,0,0,NS
53.424,0,0,NS
53.441,0,0,NS
53.458,0,0,NS
53.475,0,0,NS
53.492,0,0,NS
53.509,0,0,NS
53.526,0,0,NS
53.543,0,0,NS
53.56,0,0,NS
53.577,0,0,NS
53.594,0,0,NS
53.611,0,0,NS
53.627,0,0,NS
53.644,0,0,NS
53.661,0,0,NS
53.678,0,0,NS
53.695,1,0,NS
53.712,1,0,NS
53.729,1,0,NS
53.746,1,0,NS
53.763,1,0,NS
53.78,1,0,NS
53.797,1,0,NS
53.814,1,0,NS
53.831,1,0,NS
53.848,1,0,NS
53.865,1,0,NS
53.882,1,0,NS
53.899,1,0,NS
53.916,1,0,NS
53.933,1,0,NS
53.95,1,0,NS
53.967,1,0,NS
53.984,1,0,NS
54.001,1,0,NS
54.018,1,0,NS
54.035,1,0,NS
54.052,1,0,NS
54.069,1,0,NS
54.086,1,0,NS
54.103,1,0,NS
54.12,1,0,NS
54.137,1,0,NS
54.154,1,0,NS
54.171,1,0,NS
54.188,1,0,NS
54.205,1,0,NS
54.222,1,0,NS
54.239,1,0,NS
54.256,1,0,NS
54.273,1,0,NS
54.29,1,0,NS
54.307,1,0,NS
54.324,1,0,NS
54.341,1,0,NS
54.358,1,0,NS
54.375,1,0,NS
54.392,1,0,NS
54.409,1,0,NS
54.426,1,0,NS
54.443,1,0,NS
54.46,1,0,NS
54.477,1,0,NS
54.494,1,0,NS
54.511,1,0,NS
54.528,1,0,NS
54.545,1,0,NS
54.562,1,0,NS
54.58,1,0,NS
54.597,1,0,NS
54.614,1,0,NS
54.631,1,0,NS
54.648,1,0,NS
54.665,1,0,NS
54.682,1,0,NS
54.699,1,0,NS
54.716,1,0,NS
54.733,1,0,NS
54.75,1,0,NS
54.767,1,0,NS
54.784,1,0,NS
54.801,1,0,NS
54.818,2,0,NS
54.835,2,0,NS
54.852,2,0,NS
54.869,2,0,NS
54.886,2,0,NS
54.903,2,0,NS
54.92,2,0,NS
54.937,2,0,NS
54.954,2,0,NS
54.971,2,0,NS
54.988,2,0,NS
55.005,2,0,NS
55.022,2,0,NS
55.039,2,0,NS
55.056,2,0,NS
55.073,2,0,NS
55.09,2,0,NS
55.107,2,0,NS
55.124,2,0,NS
55.141,2,0,NS
55.158,2,0,NS
55.175,2,0,NS
55.192,2,0,NS
55.209,2,0,NS
55.226,2,0,NS
55.243,2,0,NS
55.26,2,0,NS
55.277,2,0,NS
55.294,2,0,NS
55.311,2,0,NS
55.328,2,0,NS
55.345,2,0,NS
55.362,2,0,NS
55.379,2,0,NS
55.396,2,0,NS
55.413,2,0,NS
55.43,2,0,NS
55.447,2,0,NS
55.464,2,0,NS
55.482,2,0,NS
55.499,2,0,NS
55.516,2,0,NS
55.532,2,0,NS
55.549,1,0,NS
55.566,1,0,NS
55.583,1,0,NS
55.6,1,0,NS
55.617,1,0,NS
55.634,1,0,NS
55.651,1,0,NS
55.668,1,0,NS
55.685,1,0,NS
55.702,1,0,NS
55.719,1,0,NS
55.736,1,0,NS
55.754,1,0,NS
55.771,1,0,NS
55.788,1,0,NS
55.805,1,0,NS
55.822,1,0,NS
55.839,1,0,NS
55.856,1,0,NS
55.873,1,0,NS
55.89,1,0,NS
55.907,1,0,NS
55.924,1,0,NS
55.941,1,0,NS
55.958,1,0,NS
55.975,1,0,NS
55.992,2,0,NS
56.009,2,0,NS
56.026,2,0,NS
56.043,2,0,NS
56.06,2,0,NS
56.077,2,0,NS
56.094,2,0,NS
56.111,2,0,NS
56.128,2,0,NS
56.144,2,0,NS
56.161,2,0,NS
56.178,2,0,NS
56.195,2,0,NS
56.212,2,0,NS
56.229,2,0,NS
56.246,2,0,NS
56.263,2,0,NS
56.28,2,0,NS
56.297,2,0,NS
56.314,2,0,NS
56.331,2,0,NS
56.349,2,0,NS
56.366,2,0,NS
56.383,2,0,NS
56.4,2,0,NS
56.417,2,0,NS
56.434,2,0,NS
56.451,2,0,NS
56.468,2,0,NS
56.486,2,0,NS
56.503,2,0,NS
56.52,2,0,NS
56.537,2,0,NS
56.554,2,0,NS
56.571,2,0,NS
56.588,2,0,NS
56.605,2,0,NS
56.622,2,0,NS
56.639,2,0,NS
56.656,2,0,NS
56.673,2,0,NS
56.69,2,0,NS
56.707,2,0,NS
56.724,2,0,NS
56.741,2,0,NS
56.758,2,0,NS
56.775,2,0,NS
56.792,2,0,NS
56.809,2,0,NS
56.826,2,0,NS
56.844,2,0,NS
56.861,2,0,NS
56.878,2,0,NS
56.895,2,0,NS
56.912,2,0,NS
56.929,2,0,NS
56.946,2,0,NS
56.963,2,0,NS
56.98,2,0,NS
56.997,2,0,NS
57.014,2,0,NS
57.031,2,0,NS
57.048,2,0,NS
57.065,2,0,NS
57.082,2,0,NS
57.099,2,0,NS
57.116,2,0,NS
57.133,2,0,NS
57.15,2,0,NS
57.167,2,0,NS
57.184,2,0,NS
57.201,2,0,NS
57.218,3,0,NS
57.235,3,0,NS
57.252,3,0,NS
57.269,3,0,NS
57.286,3,0,NS
57.303,3,0,NS
57.32,3,0,NS
57.337,3,0,NS
57.354,3,0,NS
57.372,3,0,NS
57.39,3,0,NS
57.407,3,0,NS
57.424,3,0,NS
57.441,3,0,NS
57.458,3,0,NS
57.475,3,0,NS
57.492,3,0,NS
57.509,3,0,NS
57.526,3,0,NS
57.543,3,0,NS
57.56,3,0,NS
57.577,3,0,NS
57.594,3,0,NS
57.611,3,0,NS
57.628,3,0,NS
57.645,3,0,NS
57.662,3,0,NS
57.679,3,0,NS
57.696,3,0,NS
57.713,3,0,NS
57.73,3,0,NS
57.747,3,0,NS
57.764,3,0,NS
57.781,3,0,NS
57.798,3,0,NS
57.815,3,0,NS
57.832,3,0,NS
57.849,3,0,NS
57.866,3,0,NS
57.883,3,0,NS
57.9,3,0,NS
57.917,3,0,NS
57.934,3,0,NS
57.951,2,0,NS
57.968,2,0,NS
57.985,2,0,NS
58.002,2,0,NS
58.019,2,0,NS
58.036,2,0,NS
58.053,2,0,NS
58.07,2,0,NS
58.087,2,0,NS
58.104,2,0,NS
58.121,2,0,NS
58.138,2,0,NS
58.155,2,0,NS
58.172,2,0,NS
58.189,2,0,NS
58.206,2,0,NS
58.223,2,0,NS
58.24,2,0,NS
58.257,2,0,NS
58.274,2,0,NS
58.291,2,0,NS
58.308,3,0,NS
58.325,3,0,NS
58.342,3,0,NS
58.359,3,0,NS
58.376,3,0,NS
58.393,3,0,NS
58.41,3,0,NS
58.427,3,0,NS
58.444,3,0,NS
58.461,3,0,NS
58.478,3,0,NS
58.495,4,0,NS
58.513,4,0,NS
58.53,4,0,NS
58.547,4,0,NS
58.564,4,0,NS
58.581,4,0,NS
58.598,4,0,NS
58.615,4,0,NS
58.632,4,0,NS
58.649,4,0,NS
58.666,4,0,NS
58.683,4,0,NS
58.7,4,0,NS
58.717,4,0,NS
58.734,4,0,NS
58.751,4,0,NS
58.768,4,0,NS
58.785,4,0,NS
58.802,4,0,NS
58.819,4,0,NS
58.836,4,0,NS
58.853,4,0,NS
58.87,4,0,NS
58.887,4,0,NS
58.904,4,0,NS
58.921,4,0,NS
58.938,4,0,NS
58.955,4,0,NS
58.972,4,0,NS
58.989,4,0,NS
59.006,4,0,NS
59.023,4,0,NS
59.04,4,0,NS
59.057,4,0,NS
59.074,4,0,NS
59.091,4,0,NS
59.108,4,0,NS
59.125,4,0,NS
59.142,4,0,NS
59.159,4,0,NS
59.176,4,0,NS
59.193,4,0,NS
59.21,4,0,NS
59.227,3,0,NS
59.244,3,0,NS
59.261,3,0,NS
59.278,3,0,NS
59.295,3,0,NS
59.312,3,0,NS
59.329,3,0,NS
59.346,3,0,NS
59.363,3,0,NS
59.38,3,0,NS
59.397,3,0,NS
59.414,3,0,NS
59.431,3,0,NS
59.448,3,0,NS
59.465,3,0,NS
59.482,3,0,NS
59.499,3,0,NS
59.516,3,0,NS
59.533,3,0,NS
59.55,3,0,NS
59.567,3,0,NS
59.584,3,0,NS
59.601,3,0,NS
59.618,3,0,NS
59.635,3,0,NS
59.652,3,0,NS
59.669,3,0,NS
59.686,3,0,NS
59.703,3,0,NS
59.72,3,0,NS
59.737,4,0,NS
59.754,4,0,NS
59.771,4,0,NS
59.788,4,0,NS
59.805,4,0,NS
59.822,4,0,NS
59.839,4,0,NS
59.856,4,0,NS
59.873,4,0,NS
59.89,4,0,NS
59.907,4,0,NS
59.924,4,0,NS
59.941,4,0,NS
59.958,4,0,NS
59.975,4,0,NS
59.992,4,0,NS
60.009,4,0,NS
60.026,4,0,NS
60.043,4,0,NS
60.06,4,0,NS
60.077,4,0,NS
60.094,4,0,NS
60.111,4,0,NS
60.128,4,0,NS
60.145,4,0,NS
60.162,4,0,NS
60.179,4,0,NS
60.196,4,0,NS
60.213,4,0,NS
60.23,4,0,NS
60.247,4,0,NS
60.264,4,0,NS
60.281,4,0,NS
60.298,4,0,NS
60.315,4,0,NS
60.332,4,0,NS
60.349,4,0,NS
60.366,4,0,NS
60.383,4,0,NS
60.4,4,0,NS
60.417,4,0,NS
60.434,4,0,NS
60.451,4,0,NS
60.468,3,0,NS
60.485,3,0,NS
60.502,3,0,NS
60.519,3,0,NS
60.536,3,0,NS
60.554,3,0,NS
60.571,3,0,NS
60.588,3,0,NS
60.605,3,0,NS
60.622,3,0,NS
60.639,3,0,NS
60.656,3,0,NS
60.673,3,0,NS
60.69,3,0,NS
60.707,3,0,NS
60.724,3,0,NS
60.741,3,0,NS
60.758,3,0,NS
60.775,3,0,NS
60.792,3,0,NS
60.809,3,0,NS
60.826,3,0,NS
60.843,3,0,NS
60.86,3,0,NS
60.877,3,0,NS
60.894,3,0,NS
60.911,4,0,NS
60.928,5,0,NS
60.945,5,0,NS
60.962,5,0,NS
60.979,5,0,NS
60.996,5,0,NS
61.013,5,0,NS
61.03,5,0,NS
61.047,5,0,NS
61.064,5,0,NS
61.081,5,0,NS
61.098,5,0,NS
61.115,5,0,NS
61.132,5,0,NS
61.149,5,0,NS
61.166,5,0,NS
61.183,5,0,NS
61.2,5,0,NS
61.217,5,0,NS
61.234,5,0,NS
61.251,5,0,NS
61.268,5,0,NS
61.285,5,0,NS
61.302,5,0,NS
61.319,5,0,NS
61.336,5,0,NS
61.353,5,0,NS
61.37,5,0,NS
61.387,5,0,NS
61.404,5,0,NS
61.421,5,0,NS
61.438,5,0,NS
61.455,5,0,NS
61.472,5,0,NS
61.489,5,0,NS
61.506,5,0,NS
61.523,5,0,NS
61.54,5,0,NS
61.557,5,0,NS
61.574,5,0,NS
61.591,5,0,NS
61.608,5,0,NS
61.625,5,0,NS
61.642,5,0,NS
61.658,4,0,NS
61.675,4,0,NS
61.692,4,0,NS
61.709,4,0,NS
61.726,4,0,NS
61.743,4,0,NS
61.76,4,0,NS
61.777,4,0,NS
61.794,4,0,NS
61.811,4,0,NS
61.828,4,0,NS
61.845,4,0,NS
61.862,4,0,NS
61.879,4,0,NS
61.896,4,0,NS
61.913,4,0,NS
61.93,4,0,NS
61.947,4,0,NS
61.964,4,0,NS
61.982,5,0,NS
61.999,5,0,NS
62.016,5,0,NS
62.033,5,0,NS
62.05,5,0,NS
62.068,5,0,NS
62.085,5,0,NS
62.102,5,0,NS
62.119,5,0,NS
62.136,5,0,NS
62.153,5,0,NS
62.17,5,0,NS
62.187,5,0,NS
62.204,5,0,NS
62.221,5,0,NS
62.238,5,0,NS
62.255,5,0,NS
62.272,5,0,NS
62.289,5,0,NS
62.306,5,0,NS
62.323,5,0,NS
62.34,5,0,NS
62.357,5,0,NS
62.374,5,0,NS
62.391,5,0,NS
62.408,5,0,NS
62.425,5,0,NS
62.442,5,0,NS
62.459,5,0,NS
62.476,5,0,NS
62.493,5,0,NS
62.51,5,0,NS
62.527,5,0,NS
62.544,5,0,NS
62.561,5,0,NS
62.578,5,0,EW
62.595,3,0,EW
62.612,3,0,EW
62.629,3,0,EW
62.646,3,0,EW
62.663,3,0,EW
62.68,3,0,EW
62.697,3,0,EW
62.714,3,0,EW
62.731,3,0,EW
62.748,3,0,EW
62.765,3,0,EW
62.782,3,0,EW
62.799,3,0,EW
62.816,3,0,EW
62.833,3,0,EW
62.85,3,0,EW
62.867,3,0,EW
62.884,3,0,EW
62.901,3,0,EW
62.918,1,0,EW
62.935,1,0,EW
62.952,1,0,EW
62.969,1,0,EW
62.986,1,0,EW
63.003,1,0,EW
63.02,1,0,EW
63.037,1,0,EW
63.054,1,0,EW
63.071,1,0,EW
63.088,1,0,EW
63.106,1,0,EW
63.123,1,0,EW
63.14,1,0,EW
63.157,1,0,EW
63.174,1,0,EW
63.191,0,0,EW
63.208,0,0,EW
63.225,0,0,EW
63.242,0,0,EW
63.259,1,0,EW
63.276,1,0,EW
63.293,1,0,EW
63.31,1,0,EW
63.327,1,0,EW
63.344,1,0,EW
63.361,1,0,EW
63.378,1,0,EW
63.395,1,0,EW
63.412,1,0,EW
63.429,1,0,EW
63.446,1,0,EW
63.463,1,0,EW
63.48,1,0,EW
63.497,1,0,EW
63.514,1,0,EW
63.531,1,0,EW
63.548,1,0,EW
63.565,1,0,EW
63.582,1,0,EW
63.599,1,0,EW
63.616,1,0,EW
63.633,1,0,EW
63.65,1,0,EW
63.667,1,0,EW
63.684,1,0,EW
63.701,1,0,EW
63.718,1,0,EW
63.735,1,0,EW
63.752,1,0,EW
63.769,1,0,EW
63.786,1,0,EW
63.803,1,0,EW
63.82,1,0,EW
63.837,1,0,EW
63.854,1,0,EW
63.871,1,0,EW
63.888,1,0,EW
63.905,1,0,EW
63.922,1,0,EW
63.939,1,0,EW
63.956,1,0,EW
63.973,1,0,EW
63.99,1,0,EW
64.007,1,0,EW
64.024,1,0,EW
64.041,1,0,EW
64.058,1,0,EW
64.075,1,0,EW
64.092,1,0,EW
64.109,1,0,EW
64.126,1,0,EW
64.143,1,0,EW
64.16,1,0,EW
64.177,1,0,EW
64.194,1,0,EW
64.211,1,0,EW
64.228,1,0,EW
64.245,1,0,EW
64.262,1,0,EW
64.279,1,0,EW
64.296,1,0,EW
64.313,1,0,EW
64.33,1,0,EW
64.347,1,0,EW
64.364,1,0,EW
64.381,1,0,EW
64.398,1,0,EW
64.415,1,0,EW
64.432,1,0,EW
64.449,2,0,EW
64.466,2,0,EW
64.483,2,0,EW
64.5,2,0,EW
64.517,2,0,EW
64.534,2,0,EW
64.551,2,0,EW
64.568,2,0,EW
64.585,2,0,EW
64.602,2,0,EW
64.62,2,0,EW
64.637,2,0,EW
64.655,2,0,EW
64.672,2,0,EW
64.689,2,0,EW
64.706,2,0,EW
64.723,2,0,EW
64.74,2,0,EW
64.757,2,0,EW
64.774,2,0,EW
64.791,2,0,EW
64.808,2,0,EW
64.825,2,0,EW
64.842,2,0,EW
64.859,2,0,EW
64.876,2,0,EW
64.894,2,0,EW
64.911,2,0,EW
64.928,2,0,EW
64.945,2,0,EW
64.962,2,0,EW
64.979,2,0,EW
64.996,2,0,EW
65.013,2,0,EW
65.03,2,0,EW
65.046,2,0,EW
65.063,2,0,EW
65.08,2,0,EW
65.097,2,0,EW
65.114,2,0,EW
65.131,2,0,EW
65.148,2,0,EW
65.165,2,0,EW
65.182,2,0,EW
65.199,2,0,EW
65.216,2,0,EW
65.233,2,0,EW
65.25,2,0,EW
65.267,2,0,EW
65.284,2,0,EW
65.301,2,0,EW
65.318,2,0,EW
65.335,2,0,EW
65.352,2,0,EW
65.369,2,0,EW
65.386,2,0,EW
65.403,2,0,EW
65.42,2,0,EW
65.437,2,0,EW
65.454,2,0,EW
65.471,2,0,EW
65.488,2,0,EW
65.505,2,0,EW
65.522,2,0,EW
65.539,2,0,EW
65.556,2,0,EW
65.573,3,0,EW
65.59,3,0,EW
65.607,3,0,EW
65.624,3,0,EW
65.641,3,0,EW
65.658,3,0,EW
65.675,3,0,EW
65.692,3,0,EW
65.709,3,0,EW
65.726,3,0,EW
65.743,3,0,EW
65.76,3,0,EW
65.777,3,0,EW
65.794,3,0,EW
65.811,3,0,EW
65.828,4,0,EW
65.845,4,0,EW
65.862,4,0,EW
65.879,4,0,EW
65.896,4,0,EW
65.913,4,0,EW
65.93,4,0,EW
65.947,4,0,EW
65.963,4,0,EW
65.98,4,0,EW
65.997,4,0,EW
66.013,4,0,EW
66.03,4,0,EW
66.047,4,0,EW
66.064,4,0,EW
66.081,4,0,EW
66.098,4,0,EW
66.115,4,0,EW
66.132,4,0,EW
66.149,4,0,EW
66.166,4,0,EW
66.183,4,0,EW
66.2,4,0,EW
66.217,4,0,EW
66.234,4,0,EW
66.251,4,0,EW
66.268,4,0,EW
66.285,4,0,EW
66.302,4,0,EW
66.319,4,0,EW
66.336,4,0,EW
66.353,4,0,EW
66.37,4,0,EW
66.387,4,0,EW
66.404,4,0,EW
66.421,4,0,EW
66.438,4,0,EW
66.455,4,0,EW
66.472,4,0,EW
66.489,4,0,EW
66.506,4,0,EW
66.523,4,0,EW
66.54,4,0,EW
66.557,4,0,EW
66.574,4,0,EW
66.591,4,0,EW
66.608,4,0,EW
66.625,4,0,EW
66.642,5,0,EW
66.659,5,0,EW
66.676,5,0,EW
66.693,5,0,EW
66.71,5,0,EW
66.727,5,0,EW
66.744,5,0,EW
66.761,5,0,EW
66.778,5,0,EW
66.795,5,0,EW
66.812,5,0,EW
66.829,5,0,EW
66.846,5,0,EW
66.863,5,0,EW
66.88,5,0,EW
66.897,5,0,EW
66.914,5,0,EW
66.931,5,0,EW
66.948,5,0,EW
66.965,5,0,EW
66.982,5,0,EW
66.999,5,0,EW
67.016,6,0,EW
67.033,6,0,EW
67.05,6,0,EW
67.067,6,0,EW
67.084,6,0,EW
67.101,6,0,EW
67.118,6,0,EW
67.135,6,0,EW
67.152,6,0,EW
67.169,6,0,EW
67.186,6,0,EW
67.203,6,0,EW
67.22,6,0,EW
67.237,6,0,EW
67.254,6,0,EW
67.271,6,0,EW
67.288,6,0,EW
67.305,6,0,EW
67.322,6,0,EW
67.339,6,0,EW
67.356,6,0,EW
67.373,5,0,EW
67.39,5,0,EW
67.407,5,0,EW
67.424,5,0,EW
67.441,5,0,EW
67.458,5,0,EW
67.475,5,0,EW
67.492,5,0,EW
67.509,5,0,EW
67.526,5,0,EW
67.543,5,0,EW
67.56,5,0,EW
67.578,5,0,EW
67.595,5,0,EW
67.612,5,0,EW
67.629,5,0,EW
67.646,5,0,EW
67.663,6,0,EW
67.68,6,0,EW
67.697,6,0,EW
67.714,6,0,EW
67.731,6,0,EW
67.748,6,0,EW
67.765,6,0,EW
67.782,6,0,EW
67.799,6,0,EW
67.816,6,0,EW
67.833,6,0,EW
67.85,6,0,EW
67.867,6,0,EW
67.884,6,0,EW
67.901,6,0,EW
67.918,6,0,EW
67.935,6,0,EW
67.952,6,0,EW
67.969,6,0,EW
67.986,6,0,EW
68.003,6,0,EW
68.02,6,0,EW
68.037,6,0,EW
68.054,6,0,EW
68.071,6,0,EW
68.088,6,0,EW
68.105,6,0,EW
68.122,6,0,EW
68.139,6,0,EW
68.156,6,0,EW
68.173,6,0,EW
68.189,6,0,EW
68.206,6,0,EW
68.223,6,0,EW
68.24,6,0,EW
68.257,6,0,EW
68.274,6,0,EW
68.291,6,0,EW
68.308,6,0,EW
68.325,6,0,EW
68.342,6,0,EW
68.359,6,0,EW
68.376,6,0,EW
68.394,5,0,EW
68.411,5,0,EW
68.428,6,0,EW
68.445,6,0,EW
68.462,6,0,EW
68.479,6,0,EW
68.496,6,0,EW
68.513,6,0,EW
68.53,6,0,EW
68.546,6,0,EW
68.563,6,0,EW
68.58,6,0,EW
68.596,6,0,EW
68.614,6,0,EW
68.631,6,0,EW
68.648,6,0,EW
68.665,6,0,EW
68.682,6,0,EW
68.699,6,0,EW
68.716,6,0,EW
68.733,6,0,EW
68.75,6,0,EW
68.767,6,0,EW
68.785,6,0,EW
68.802,6,0,EW
68.819,6,0,EW
68.836,6,0,EW
68.853,6,0,EW
68.87,6,0,EW
68.887,6,0,EW
68.904,6,0,EW
68.921,6,0,EW
68.938,6,0,EW
68.955,6,0,EW
68.972,6,0,EW
68.989,6,0,EW
69.006,6,0,EW
69.023,6,0,EW
69.04,6,0,EW
69.057,6,0,EW
69.074,6,0,EW
69.091,6,0,EW
69.108,6,0,EW
69.126,6,0,EW
69.143,6,0,EW
69.16,6,0,EW
69.177,6,0,EW
69.194,6,0,EW
69.211,6,0,EW
69.228,6,0,EW
69.245,6,0,EW
69.262,6,0,EW
69.279,6,0,EW
69.296,6,0,EW
69.313,6,0,EW
69.33,6,0,EW
69.347,6,0,EW
69.364,6,0,EW
69.381,6,0,EW
69.398,6,0,EW
69.415,6,0,EW
69.432,6,0,EW
69.449,6,0,EW
69.466,6,0,EW
69.483,6,0,EW
69.5,6,0,EW
69.517,6,0,EW
69.534,6,0,EW
69.551,6,0,EW
69.568,6,0,EW
69.585,6,0,EW
69.602,6,0,EW
69.619,6,0,EW
69.636,6,0,EW
69.653,6,0,EW
69.67,6,0,EW
69.687,6,0,EW
69.704,6,0,EW
69.722,6,0,EW
69.739,6,0,EW
69.756,6,0,EW
69.773,6,0,EW
69.79,6,0,EW
69.807,6,0,EW
69.824,6,0,EW
69.841,6,0,EW
69.858,6,0,EW
69.875,6,0,EW
69.892,5,0,EW
69.909,5,0,EW
69.926,5,0,EW
69.943,5,0,EW
69.96,5,0,EW
69.977,6,0,EW
69.994,6,0,EW
70.011,6,0,EW
70.028,6,0,EW
70.045,6,0,EW
70.062,6,0,EW
70.079,6,0,EW
70.096,6,0,EW
70.113,6,0,EW
70.13,6,0,EW
70.147,6,0,EW
70.164,6,0,EW
70.181,6,0,EW
70.198,6,0,EW
70.215,6,0,EW
70.232,6,0,EW
70.249,6,0,EW
70.266,6,0,EW
70.284,6,0,EW
70.301,6,0,EW
70.318,6,0,EW
70.335,6,0,EW
70.352,6,0,EW
70.369,6,0,EW
70.386,6,0,EW
70.403,6,0,EW
70.42,6,0,EW
70.437,6,0,EW
70.454,6,0,EW
70.471,6,0,EW
70.489,6,0,EW
70.506,6,0,EW
70.523,6,0,EW
70.54,6,0,EW
70.557,6,0,EW
70.574,7,0,EW
70.591,7,0,EW
70.608,7,0,EW
70.625,7,0,EW
70.642,7,0,EW
70.659,7,0,EW
70.676,7,0,EW
70.693,7,0,EW
70.71,6,0,EW
70.727,6,0,EW
70.744,6,0,EW
70.761,6,0,EW
70.778,6,0,EW
70.795,6,0,EW
70.812,6,0,EW
70.829,6,0,EW
70.846,6,0,EW
70.864,6,0,EW
70.881,6,0,EW
70.898,6,0,EW
70.915,6,0,EW
70.932,6,0,EW
70.949,6,0,EW
70.966,6,0,EW
70.984,6,0,EW
71.001,6,0,EW
71.018,6,0,EW
71.035,6,0,EW
71.052,6,0,EW
71.069,6,0,EW
71.086,6,0,EW
71.103,6,0,EW
71.12,6,0,EW
71.137,6,0,EW
71.154,6,0,EW
71.171,6,0,EW
71.188,6,0,EW
71.205,6,0,EW
71.222,6,0,EW
71.239,6,0,EW
71.257,6,0,EW
71.274,6,0,EW
71.291,6,0,EW
71.308,5,0,EW
71.325,5,0,EW
71.342,5,0,EW
71.359,5,0,EW
71.376,5,0,EW
71.393,6,0,EW
71.41,6,0,EW
71.427,6,0,EW
71.444,6,0,EW
71.461,6,0,EW
71.478,6,0,EW
71.495,6,0,EW
71.512,6,0,EW
71.529,6,0,EW
71.546,6,0,EW
71.563,6,0,EW
71.58,6,0,EW
71.597,6,0,EW
71.614,6,0,EW
71.631,6,0,EW
71.648,6,0,EW
71.665,6,0,EW
71.682,6,0,EW
71.699,6,0,EW
71.716,6,0,EW
71.733,6,0,EW
71.75,6,0,EW
71.767,6,0,EW
71.784,6,0,EW
71.801,6,0,EW
71.818,6,0,EW
71.835,6,0,EW
71.852,6,0,EW
71.869,6,0,EW
71.886,6,0,EW
71.903,6,0,EW
71.92,6,0,EW
71.937,6,0,EW
71.954,7,0,EW
71.971,7,0,EW
71.988,7,0,EW
72.005,7,0,EW
72.022,7,0,EW
72.039,7,0,EW
72.056,7,0,EW
72.073,7,0,EW
72.09,7,0,EW
72.107,7,0,EW
72.124,7,0,EW
72.141,7,0,EW
72.158,7,0,EW
72.175,7,0,EW
72.192,7,0,EW
72.209,7,0,EW
72.226,7,0,EW
72.243,7,0,EW
72.26,7,0,EW
72.277,7,0,EW
72.294,7,0,EW
72.311,7,0,EW
72.328,7,0,EW
72.345,7,0,EW
72.362,7,0,EW
72.379,7,0,EW
72.396,7,0,EW
72.413,7,0,EW
72.43,7,0,EW
72.447,7,0,EW
72.464,7,0,EW
72.481,7,0,EW
72.498,7,0,EW
72.515,7,0,EW
72.532,7,0,EW
72.549,7,0,EW
72.566,7,0,EW
72.583,7,0,EW
72.6,7,0,EW
72.617,7,0,EW
72.634,7,0,EW
72.651,7,0,EW
72.668,7,0,EW
72.685,7,0,EW
72.702,7,0,EW
72.719,7,0,EW
72.736,7,0,EW
72.753,7,0,EW
72.77,7,0,EW
72.787,8,0,EW
72.804,8,0,EW
72.821,8,0,EW
72.838,8,0,EW
72.855,8,0,EW
72.872,8,0,EW
72.889,8,0,EW
72.906,8,0,EW
72.923,8,0,EW
72.94,8,0,EW
72.957,8,0,EW
72.974,8,0,EW
72.991,8,0,EW
73.008,8,0,EW
73.025,8,0,EW
73.043,8,0,EW
73.06,8,0,EW
73.077,8,0,EW
73.094,8,0,EW
73.111,8,0,EW
73.128,8,0,EW
73.145,8,0,EW
73.162,8,0,EW
73.179,8,0,EW
73.195,8,0,EW
73.212,8,0,EW
73.229,8,0,EW
73.246,8,0,EW
73.263,8,0,EW
73.28,8,0,EW
73.297,8,0,EW
73.314,8,0,EW
73.331,8,0,EW
73.348,8,0,EW
73.365,8,0,EW
73.382,8,0,EW
73.399,9,0,EW
73.416,9,0,EW
73.433,9,0,EW
73.45,9,0,EW
73.467,9,0,EW
73.484,9,0,EW
73.501,9,0,EW
73.518,8,0,EW
73.535,8,0,EW
73.552,8,0,EW
73.569,8,0,EW
73.586,8,0,EW
73.603,8,0,EW
73.62,8,0,EW
73.637,8,0,EW
73.654,8,0,EW
73.671,8,0,EW
73.688,8,0,EW
73.705,8,0,EW
73.722,8,0,EW
73.739,8,0,EW
73.756,8,0,EW
73.773,8,0,EW
73.79,8,0,EW
73.807,8,0,EW
73.824,8,0,EW
73.841,8,0,EW
73.858,8,0,EW
73.875,8,0,EW
73.892,8,0,EW
73.909,8,0,EW
73.926,8,0,EW
73.943,8,0,EW
73.96,8,0,EW
73.977,8,0,EW
73.994,8,0,EW
74.012,8,0,EW
74.029,8,0,EW
74.046,9,0,EW
74.063,9,0,EW
74.08,9,0,EW
74.097,9,0,EW
74.114,9,0,EW
74.131,9,0,EW
74.148,9,0,EW
74.165,9,0,EW
74.182,9,0,EW
74.198,9,0,EW
74.215,9,0,EW
74.232,9,0,EW
74.249,9,0,EW
74.266,9,0,EW
74.283,9,0,EW
74.3,9,0,EW
74.317,9,0,EW
74.334,9,0,EW
74.351,9,0,EW
74.368,9,0,EW
74.385,9,0,EW
74.402,9,0,EW
74.419,9,0,EW
74.436,9,0,EW
74.453,9,0,EW
74.47,9,0,EW
74.487,9,0,EW
74.504,9,0,EW
74.521,9,0,EW
74.538,9,0,EW
74.555,9,0,EW
74.572,9,0,EW
74.589,9,0,EW
74.606,9,0,EW
74.623,9,0,EW
74.64,9,0,EW
74.657,9,0,EW
74.674,9,0,EW
74.691,9,0,EW
74.708,9,0,EW
74.725,9,0,EW
74.742,10,0,EW
74.759,10,0,EW
74.777,9,0,EW
74.794,9,0,EW
74.811,9,0,EW
74.828,9,0,EW
74.845,9,0,EW
74.862,9,0,EW
74.879,9,0,EW
74.896,9,0,EW
74.913,9,0,EW
74.93,9,0,EW
74.947,9,0,EW
74.964,9,0,EW
74.981,9,0,EW
74.998,9,0,EW
75.015,9,0,EW
75.033,9,0,EW
75.05,9,0,EW
75.067,9,0,EW
75.084,9,0,EW
75.101,9,0,EW
75.118,9,0,EW
75.135,9,0,EW
75.152,9,0,EW
75.169,9,0,EW
75.186,9,0,EW
75.203,9,0,EW
75.22,9,0,EW
75.237,9,0,EW
75.254,9,0,EW
75.271,9,0,EW
75.288,9,0,EW
75.305,9,0,EW
75.322,9,0,EW
75.339,9,0,EW
75.356,9,0,EW
75.373,9,0,EW
75.39,9,0,EW
75.407,9,0,EW
75.424,9,0,EW
75.441,9,0,EW
75.458,10,0,EW
75.475,10,0,EW
75.492,10,0,EW
75.509,10,0,EW
75.526,10,0,EW
75.543,10,0,EW
75.56,10,0,EW
75.577,10,0,EW
75.594,10,0,NS
75.611,8,0,NS
75.628,8,0,NS
75.645,8,0,NS
75.662,8,0,NS
75.679,8,0,NS
75.696,8,0,NS
75.713,8,0,NS
75.73,8,0,NS
75.747,8,0,NS
75.764,8,0,NS
75.781,8,0,NS
75.798,8,0,NS
75.815,8,0,NS
75.832,8,0,NS
75.85,8,0,NS
75.867,8,0,NS
75.884,8,0,NS
75.901,8,0,NS
75.918,8,0,NS
75.935,6,0,NS
75.952,6,0,NS
75.969,6,0,NS
75.986,6,0,NS
76.003,6,0,NS
76.02,6,0,NS
76.037,6,0,NS
76.054,6,0,NS
76.071,6,0,NS
76.088,6,0,NS
76.105,6,0,NS
76.122,6,0,NS
76.139,6,0,NS
76.156,5,0,NS
76.173,5,0,NS
76.19,5,0,NS
76.207,5,0,NS
76.224,5,0,NS
76.241,5,0,NS
76.258,5,0,NS
76.275,5,0,NS
76.292,5,0,NS
76.309,5,0,NS
76.326,5,0,NS
76.343,4,0,NS
76.36,3,0,NS
76.377,3,0,NS
76.395,3,0,NS
76.412,3,0,NS
76.429,3,0,NS
76.446,3,0,NS
76.463,3,0,NS
76.48,3,0,NS
76.497,3,0,NS
76.514,3,0,NS
76.531,3,0,NS
76.547,3,0,NS
76.564,3,0,NS
76.581,3,0,NS
76.598,3,0,NS
76.615,3,0,NS
76.632,3,0,NS
76.649,3,0,NS
76.666,3,0,NS
76.683,4,0,NS
76.7,4,0,NS
76.717,4,0,NS
76.734,4,0,NS
76.751,4,0,NS
76.768,4,0,NS
76.785,4,0,NS
76.802,4,0,NS
76.819,4,0,NS
76.836,4,0,NS
76.853,4,0,NS
76.87,4,0,NS
76.887,3,0,NS
76.904,3,0,NS
76.921,3,0,NS
76.938,3,0,NS
76.955,3,0,NS
76.972,3,0,NS
76.989,3,0,NS
77.006,3,0,NS
77.023,3,0,NS
77.04,3,0,NS
77.057,3,0,NS
77.074,3,0,NS
77.091,3,0,NS
77.108,3,0,NS
77.125,3,0,NS
77.142,3,0,NS
77.159,3,0,NS
77.176,3,0,NS
77.193,3,0,NS
77.21,3,0,NS
77.227,3,0,NS
77.244,3,0,NS
77.261,3,0,NS
77.278,3,0,NS
77.295,3,0,NS
77.312,3,0,NS
77.329,3,0,NS
77.346,3,0,NS
77.363,3,0,NS
77.381,3,0,NS
77.398,3,0,NS
77.416,3,0,NS
77.433,4,1,EW
77.45,4,1,EW
77.467,4,1,EW
77.484,4,1,EW
77.501,4,1,EW
77.518,4,1,EW
77.535,4,1,EW
77.552,4,1,EW
77.569,4,1,EW
77.586,4,1,EW
77.603,4,1,EW
77.62,4,1,EW
77.637,4,1,EW
77.654,4,1,EW
77.671,4,1,EW
77.688,4,1,EW
77.705,4,1,EW
77.722,4,1,EW
77.739,3,1,EW
77.756,3,1,EW
77.773,2,1,EW
77.79,2,1,EW
77.807,2,1,EW
77.824,2,1,EW
77.841,2,1,EW
77.858,2,1,EW
77.876,2,1,EW
77.893,2,1,EW
77.91,2,1,EW
77.927,2,1,EW
77.945,2,1,EW
77.962,2,1,EW
77.979,2,1,EW
77.996,1,1,EW
78.013,1,1,EW
78.031,1,1,EW
78.048,1,1,EW
78.065,1,1,EW
78.082,1,1,EW
78.099,1,1,EW
78.116,1,1,EW
78.133,2,1,EW
78.15,2,1,EW
78.167,2,1,EW
78.184,2,1,EW
78.201,2,1,EW
78.218,2,1,EW
78.235,1,0,EW
78.252,1,0,EW
78.269,1,0,EW
78.287,1,0,EW
78.304,1,0,EW
78.321,1,0,EW
78.339,1,0,EW
78.356,1,0,EW
78.373,1,0,EW
78.39,1,0,EW
78.407,1,0,EW
78.424,1,0,EW
78.441,1,0,EW
78.458,1,0,EW
78.475,1,0,EW
78.492,1,0,EW
78.509,1,0,EW
78.526,1,0,EW
78.543,1,0,EW
78.56,1,0,EW
78.577,1,0,EW
78.594,1,0,EW
78.611,1,0,EW
78.628,1,0,EW
78.645,1,0,EW
78.662,1,0,EW
78.679,1,0,EW
78.696,1,0,EW
78.713,1,0,EW
78.73,2,0,EW
78.748,2,0,EW
78.765,2,0,EW
78.782,2,0,EW
78.799,2,0,EW
78.816,2,0,EW
78.833,2,0,EW
78.85,2,0,EW
78.867,1,0,EW
78.884,1,0,EW
78.901,1,0,EW
78.918,1,0,EW
78.935,1,0,EW
78.952,1,0,EW
78.969,1,0,EW
78.986,1,0,EW
79.003,1,0,EW
79.02,1,0,EW
79.037,1,0,EW
79.054,1,0,EW
79.071,1,0,EW
79.088,1,0,EW
79.105,1,0,EW
79.122,1,0,EW
79.139,1,0,EW
79.156,1,0,EW
79.173,1,0,EW
79.19,1,0,EW
79.207,1,0,EW
79.224,1,0,EW
79.241,1,0,EW
79.258,1,0,EW
79.275,1,0,EW
79.292,1,0,EW
79.309,1,0,EW
79.326,1,0,EW
79.344,1,0,EW
79.361,2,0,EW
79.378,2,0,EW
79.395,2,0,EW
79.412,2,0,EW
79.429,2,0,EW
79.446,2,0,EW
79.463,2,0,EW
79.481,2,0,EW
79.498,2,0,EW
79.515,2,0,EW
79.532,2,0,EW
79.549,2,0,EW
79.566,2,0,EW
79.583,2,0,EW
79.6,2,0,EW
79.617,2,0,EW
79.634,2,0,EW
79.651,2,0,EW
79.668,2,0,EW
79.685,2,0,EW
79.702,2,0,EW
79.719,2,0,EW
79.736,2,0,EW
79.753,2,0,EW
79.77,2,0,EW
79.787,2,0,EW
79.804,2,0,EW
79.822,2,0,EW
79.839,2,0,EW
79.856,2,0,EW
79.873,2,0,EW
79.89,2,0,EW
79.907,2,0,EW
79.924,2,0,EW
79.941,2,0,EW
79.959,2,0,EW
79.976,2,0,EW
79.993,3,0,EW
80.01,3,0,EW
80.027,3,0,EW
80.044,3,0,EW
80.061,3,0,EW
80.078,3,0,EW
80.095,2,0,EW
80.112,2,0,EW
80.129,2,0,EW
80.146,2,0,EW
80.163,2,0,EW
80.18,2,0,EW
80.197,2,0,EW
80.214,2,0,EW
80.231,2,0,EW
80.248,2,0,EW
80.265,2,0,EW
80.282,2,0,EW
80.299,2,0,EW
80.316,2,0,EW
80.333,2,0,EW
80.35,2,0,EW
80.367,2,0,EW
80.384,2,0,EW
80.401,2,0,EW
80.418,2,0,EW
80.435,2,0,EW
80.452,2,0,EW
80.469,2,0,EW
80.486,2,0,EW
80.503,2,0,EW
80.52,2,0,EW
80.537,2,0,EW
80.554,2,0,EW
80.571,2,0,EW
80.588,3,0,EW
80.605,3,0,EW
80.622,3,0,EW
80.639,3,0,EW
80.656,3,0,EW
80.673,3,0,EW
80.69,3,0,EW
80.707,3,0,EW
80.724,2,0,EW
80.741,2,0,EW
80.758,2,0,EW
80.775,2,0,EW
80.792,2,0,EW
80.809,2,0,EW
80.826,2,0,EW
80.843,2,0,EW
80.86,2,0,EW
80.877,2,0,EW
80.894,2,0,EW
80.911,2,0,EW
80.928,2,0,EW
80.945,2,0,EW
80.962,2,0,EW
80.979,2,0,EW
80.996,2,0,EW
81.013,2,0,EW
81.03,2,0,EW
81.047,2,0,EW
81.064,2,0,EW
81.081,2,0,EW
81.098,2,0,EW
81.115,2,0,EW
81.132,2,0,EW
81.15,2,0,EW
81.167,2,0,EW
81.184,2,0,EW
81.201,2,0,EW
81.219,2,0,EW
81.236,2,0,EW
81.253,2,0,EW
81.27,2,0,EW
81.287,2,0,EW
81.304,2,0,EW
81.321,2,0,EW
81.338,2,0,EW
81.355,2,0,EW
81.373,2,0,EW
81.39,2,0,EW
81.407,2,0,EW
81.424,2,0,EW
81.441,2,0,EW
81.458,2,0,EW
81.475,2,0,EW
81.492,2,0,EW
81.509,2,0,EW
81.526,2,0,EW
81.543,2,0,EW
81.559,2,0,EW
81.576,2,0,EW
81.593,2,0,EW
81.61,2,0,EW
81.627,2,0,EW
81.644,2,0,EW
81.661,2,0,EW
81.678,2,0,EW
81.695,2,0,EW
81.712,2,0,EW
81.729,2,0,EW
81.746,2,0,EW
81.763,2,0,EW
81.78,2,0,EW
81.797,2,0,EW
81.814,2,0,EW
81.831,2,0,EW
81.848,2,0,EW
81.865,2,0,EW
81.882,2,0,EW
81.899,3,0,EW
81.916,3,0,EW
81.933,3,0,EW
81.95,3,0,EW
81.967,3,0,EW
81.984,3,0,EW
82.001,3,0,EW
82.018,3,0,EW
82.035,3,0,EW
82.052,3,0,EW
82.069,3,0,EW
82.086,3,0,EW
82.103,3,0,EW
82.12,3,0,EW
82.137,3,0,EW
82.154,3,0,EW
82.171,3,0,EW
82.188,3,0,EW
82.205,3,0,EW
82.222,3,0,EW
82.239,3,0,EW
82.256,3,0,EW
82.273,3,0,EW
82.29,3,0,EW
82.307,3,0,EW
82.324,3,0,EW
82.341,3,0,EW
82.358,3,0,EW
82.375,3,0,EW
82.392,3,0,EW
82.409,3,0,EW
82.426,3,0,EW
82.443,3,0,EW
82.46,3,0,EW
82.477,3,0,EW
82.494,3,0,EW
82.511,3,0,EW
82.528,3,0,EW
82.545,3,0,EW
82.562,3,0,EW
82.579,3,0,EW
82.596,3,0,EW
82.613,3,0,EW
82.63,2,0,EW
82.647,2,0,EW
82.664,2,0,EW
82.681,2,0,EW
82.698,3,0,EW
82.715,3,0,EW
82.732,3,0,EW
82.749,3,0,EW
82.766,3,0,EW
82.783,3,0,EW
82.8,3,0,EW
82.817,3,0,EW
82.834,3,0,EW
82.851,3,0,EW
82.868,3,0,EW
82.885,3,0,EW
82.902,3,0,EW
82.919,3,0,EW
82.936,3,0,EW
82.953,3,0,EW
82.97,3,0,EW
82.987,3,0,EW
83.004,3,0,EW
83.021,3,0,EW
83.038,3,0,EW
83.055,3,0,EW
83.072,3,0,EW
83.089,3,0,EW
83.106,3,0,EW
83.123,3,0,EW
83.14,3,0,EW
83.157,3,0,EW
83.174,3,0,EW
83.191,3,0,EW
83.208,3,0,EW
83.225,3,0,EW
83.242,3,0,EW
83.259,3,0,EW
83.276,3,0,EW
83.293,3,0,EW
83.31,3,0,EW
83.327,4,0,EW
83.344,4,0,EW
83.361,4,0,EW
83.377,4,0,EW
83.394,4,0,EW
83.411,4,0,EW
83.428,3,0,EW
83.445,3,0,EW
83.462,3,0,EW
83.479,3,0,EW
83.496,3,0,EW
83.513,3,0,EW
83.53,3,0,EW
83.547,3,0,EW
83.564,3,0,EW
83.581,3,0,EW
83.598,3,0,EW
83.615,3,0,EW
83.632,3,0,EW
83.649,3,0,EW
83.666,3,0,EW
83.683,3,0,EW
83.7,3,0,EW
83.717,3,0,EW
83.734,3,0,EW
83.751,3,0,EW
83.768,3,0,EW
83.785,3,0,EW
83.802,3,0,EW
83.819,3,0,EW
83.836,3,0,EW
83.853,3,0,EW
83.87,3,0,EW
83.887,3,0,EW
83.904,3,0,EW
83.921,3,0,EW
83.939,4,0,EW
83.956,4,0,EW
83.973,4,0,EW
83.99,4,0,EW
84.007,4,0,EW
84.024,4,0,EW
84.041,4,0,EW
84.058,3,0,EW
84.075,3,0,EW
84.092,3,0,EW
84.11,3,0,EW
84.127,3,0,EW
84.144,3,0,EW
84.161,3,0,EW
84.178,3,0,EW
84.195,3,0,EW
84.212,3,0,EW
84.23,4,0,EW
84.247,4,0,EW
84.264,4,0,EW
84.281,4,0,EW
84.298,4,0,EW
84.315,4,0,EW
84.332,4,0,EW
84.349,4,0,EW
84.366,4,0,EW
84.383,4,0,EW
84.4,4,0,EW
84.417,4,0,EW
84.434,4,0,EW
84.451,4,0,EW
84.468,4,0,EW
84.485,4,0,EW
84.502,4,0,EW
84.519,4,0,EW
84.536,4,0,EW
84.553,4,0,EW
84.57,4,0,EW
84.587,4,0,EW
84.604,5,0,EW
84.621,5,0,EW
84.638,5,0,EW
84.655,5,0,EW
84.673,4,0,EW
84.69,4,0,EW
84.707,4,0,EW
84.724,4,0,EW
84.741,4,0,EW
84.758,4,0,EW
84.775,4,0,EW
84.792,4,0,EW
84.809,4,0,EW
84.826,4,0,EW
84.843,4,0,EW
84.86,4,0,EW
84.877,4,0,EW
84.894,4,0,EW
84.911,4,0,EW
84.928,4,0,EW
84.945,4,0,EW
84.962,4,0,EW
84.979,4,0,EW
84.996,4,0,EW
85.013,4,0,EW
85.03,4,0,EW
85.047,4,0,EW
85.064,4,0,EW
85.081,4,0,EW
85.098,4,0,EW
85.115,4,0,EW
85.132,4,0,EW
85.149,4,0,EW
85.166,4,0,EW
85.183,4,0,EW
85.2,5,0,EW
85.217,5,0,EW
85.234,5,0,EW
85.251,5,0,EW
85.268,5,0,EW
85.285,5,0,EW
85.302,5,0,EW
85.319,5,0,EW
85.336,5,0,EW
85.353,5,0,EW
85.37,5,0,EW
85.387,5,0,EW
85.404,5,0,EW
85.421,5,0,EW
85.438,5,0,EW
85.455,5,0,EW
85.472,5,0,EW
85.489,5,0,EW
85.506,5,0,EW
85.523,5,0,EW
85.54,5,0,EW
85.557,5,0,EW
85.574,5,0,EW
85.591,5,0,EW
85.608,5,0,EW
85.625,5,0,EW
85.642,5,0,EW
85.659,5,0,EW
85.676,5,0,EW
85.693,5,0,EW
85.71,5,0,EW
85.727,5,0,EW
85.744,5,0,EW
85.761,5,0,EW
85.778,5,0,EW
85.795,5,0,EW
85.812,5,0,EW
85.83,5,0,EW
85.847,5,0,EW
85.864,5,0,EW
85.881,6,0,EW
85.898,6,0,EW
85.915,6,0,EW
85.932,5,0,EW
85.949,5,0,EW
85.966,5,0,EW
85.983,5,0,EW
86.0,5,0,EW
86.017,5,0,EW
86.034,5,0,EW
86.051,5,0,EW
86.068,5,0,EW
86.085,6,0,EW
86.102,6,0,EW
86.119,6,0,EW
86.136,6,0,EW
86.153,6,0,EW
86.171,6,0,EW
86.188,6,0,EW
86.205,6,0,EW
86.222,6,0,EW
86.239,6,0,EW
86.256,6,0,EW
86.273,6,0,EW
86.29,6,0,EW
86.307,6,0,EW
86.324,6,0,EW
86.341,6,0,EW
86.358,6,0,EW
86.375,6,0,EW
86.392,6,0,EW
86.409,6,0,EW
86.426,7,0,EW
86.443,7,0,EW
86.46,7,0,EW
86.477,7,0,EW
86.494,7,0,EW
86.511,7,0,EW
86.528,7,0,EW
86.545,7,0,EW
86.562,7,0,EW
86.579,7,0,EW
86.596,7,0,EW
86.613,6,0,EW
86.63,6,0,EW
86.647,6,0,EW
86.664,6,0,EW
86.681,6,0,EW
86.698,6,0,EW
86.715,6,0,EW
86.732,6,0,EW
86.749,6,0,EW
86.766,6,0,EW
86.783,6,0,EW
86.8,6,0,EW
86.817,6,0,EW
86.834,6,0,EW
86.851,6,0,EW
86.868,6,0,EW
86.885,6,0,EW
86.902,6,0,EW
86.919,6,0,EW
86.936,6,0,EW
86.953,6,0,EW
86.97,6,0,EW
86.987,6,0,EW
87.004,6,0,EW
87.021,6,0,EW
87.038,6,0,EW
87.055,6,0,EW
87.071,6,0,EW
87.088,6,0,EW
87.105,6,0,EW
87.122,6,0,EW
87.139,6,0,EW
87.156,6,0,EW
87.174,6,0,EW
87.191,6,0,EW
87.208,6,0,EW
87.225,6,0,EW
87.242,6,0,EW
87.259,6,0,EW
87.277,6,0,EW
87.294,6,0,EW
87.311,6,0,EW
87.328,6,0,EW
87.345,6,0,EW
87.362,6,0,EW
87.379,6,0,EW
87.396,6,0,EW
87.413,6,0,EW
87.43,6,0,EW
87.447,6,0,EW
87.464,6,0,EW
87.481,6,0,EW
87.498,6,0,EW
87.515,6,0,EW
87.532,6,0,EW
87.549,6,0,EW
87.566,6,0,EW
87.583,6,0,EW
87.6,6,0,EW
87.617,6,0,EW
87.634,6,0,EW
87.651,6,0,EW
87.668,6,0,EW
87.685,6,0,EW
87.701,6,0,EW
87.718,6,0,EW
87.735,6,0,EW
87.752,6,0,EW
87.769,6,0,EW
87.786,7,0,EW
87.803,7,0,EW
87.82,7,0,EW
87.837,7,0,EW
87.854,7,0,EW
87.871,7,0,EW
87.888,6,0,EW
87.905,6,0,EW
87.922,6,0,EW
87.939,6,0,EW
87.956,6,0,EW
87.973,6,0,EW
87.99,6,0,EW
88.007,6,0,EW
88.024,6,0,EW
88.041,6,0,EW
88.058,6,0,EW
88.075,6,0,EW
88.092,6,0,EW
88.109,6,0,EW
88.126,6,0,EW
88.144,6,0,EW
88.161,6,0,EW
88.178,6,0,EW
88.195,6,0,EW
88.212,6,0,EW
88.229,6,0,EW
88.246,6,0,EW
88.263,6,0,EW
88.28,6,0,EW
88.297,6,0,EW
88.314,6,0,EW
88.331,6,0,EW
88.348,6,0,EW
88.365,6,0,EW
88.382,7,0,EW
88.399,7,0,EW
88.416,7,0,EW
88.433,7,0,EW
88.45,7,0,EW
88.467,7,0,EW
88.484,7,0,EW
88.501,7,0,EW
88.518,6,0,EW
88.536,6,0,EW
88.553,6,0,EW
88.57,6,0,EW
88.587,6,0,EW
88.604,6,0,EW
88.621,6,0,EW
88.638,6,0,EW
88.655,6,0,EW
88.672,6,0,EW
88.689,6,0,EW
88.706,6,0,EW
88.723,6,0,EW
88.74,6,0,EW
88.757,6,0,EW
88.774,6,0,EW
88.791,6,0,EW
88.808,6,0,EW
88.825,6,0,EW
88.842,6,0,EW
88.859,6,0,EW
88.876,6,0,EW
88.893,6,0,EW
88.91,6,0,EW
88.927,6,0,EW
88.944,6,0,EW
88.961,6,0,EW
88.978,6,0,EW
88.995,6,0,EW
89.012,6,0,EW
89.029,6,0,EW
89.046,7,0,EW
89.063,7,0,EW
89.08,7,0,EW
89.097,7,0,EW
89.114,6,0,EW
89.131,6,0,EW
89.148,6,0,EW
89.165,6,0,EW
89.182,6,0,EW
89.199,6,0,EW
89.216,6,0,EW
89.233,6,0,EW
89.25,6,0,EW
89.267,6,0,EW
89.284,6,0,EW
89.301,6,0,EW
89.318,6,0,EW
89.335,6,0,EW
89.352,6,0,EW
89.369,6,0,EW
89.386,6,0,EW
89.403,6,0,EW
89.42,6,0,EW
89.437,6,0,EW
89.454,6,0,EW
89.471,6,0,EW
89.488,6,0,EW
89.505,6,0,EW
89.522,6,0,EW
89.539,6,0,EW
89.556,6,0,EW
89.573,6,0,EW
89.59,6,0,EW
89.607,6,0,EW
89.624,7,0,EW
89.641,7,0,EW
89.658,7,0,EW
89.675,7,0,EW
89.692,7,0,EW
89.709,7,0,EW
89.726,7,0,EW
89.743,7,0,EW
89.76,7,0,EW
89.777,7,0,EW
89.794,7,0,EW
89.811,7,0,EW
89.828,7,0,EW
89.845,7,0,EW
89.862,7,0,EW
89.879,7,0,EW
89.896,7,0,EW
89.913,7,0,EW
89.93,7,0,EW
89.947,7,0,EW
89.964,7,0,EW
89.981,7,0,EW
89.998,7,0,EW
90.015,7,0,EW
90.032,7,0,EW
90.049,7,0,EW
90.066,7,0,EW
90.083,7,0,EW
90.1,7,0,EW
90.117,7,0,EW
90.134,7,0,EW
90.151,7,0,EW
90.168,7,0,EW
90.185,7,0,EW
90.201,7,0,EW
90.218,7,0,EW
90.235,7,0,EW
90.252,7,0,EW
90.269,7,0,EW
90.286,8,0,EW
90.303,8,0,EW
90.32,8,0,EW
90.337,8,0,EW
90.354,8,0,EW
90.372,8,0,EW
90.389,8,0,EW
90.406,8,0,EW
90.423,8,0,EW
90.44,8,0,EW
90.457,8,0,EW
90.474,8,0,EW
90.491,8,0,EW
90.508,8,0,EW
90.525,8,0,EW
90.542,8,0,EW
90.559,8,0,EW
90.576,8,0,EW
90.593,8,0,EW
90.61,8,0,EW
90.627,8,0,EW
90.644,8,0,EW
90.662,8,0,EW
90.679,8,0,EW
90.696,8,0,EW
90.713,8,0,EW
90.73,8,0,EW
90.747,8,0,EW
90.764,8,0,EW
90.781,8,0,EW
90.798,8,0,EW
90.815,8,0,EW
90.832,8,0,EW
90.849,8,0,EW
90.866,8,0,EW
90.883,8,0,EW
90.9,8,0,EW
90.917,9,0,EW
90.935,9,0,EW
90.952,9,0,EW
90.969,9,0,EW
90.986,9,0,EW
91.003,9,0,EW
91.02,9,0,EW
91.037,9,0,EW
91.054,9,0,EW
91.071,9,0,EW
91.088,9,0,EW
91.105,9,0,EW
91.122,9,0,EW
91.139,9,0,EW
91.156,9,0,EW
91.173,9,0,EW
91.19,9,0,EW
91.207,9,0,EW
91.224,9,0,EW
91.241,9,0,NS
91.258,7,0,NS
91.275,7,0,NS
91.292,7,0,NS
91.309,7,0,NS
91.326,7,0,NS
91.343,7,0,NS
91.36,7,0,NS
91.377,7,0,NS
91.395,7,0,NS
91.412,7,0,NS
91.429,7,0,NS
91.446,7,0,NS
91.463,7,0,NS
91.48,7,0,NS
91.497,7,0,NS
91.514,7,0,NS
91.531,7,0,NS
91.548,7,0,NS
91.565,7,0,NS
91.582,7,0,NS
91.599,7,0,NS
91.616,7,0,NS
91.633,7,0,NS
91.65,7,0,NS
91.667,7,0,NS
91.684,7,0,NS
91.701,7,0,NS
91.718,7,0,NS
91.735,7,0,NS
91.752,7,0,NS
91.769,7,0,NS
91.786,7,0,NS
91.803,6,0,NS
91.82,6,0,NS
91.837,6,0,NS
91.854,6,0,NS
91.871,6,0,NS
91.888,6,0,NS
91.905,6,0,NS
91.922,6,0,NS
91.939,6,0,NS
91.956,6,0,NS
91.973,6,0,NS
91.99,6,0,NS
92.007,5,0,NS
92.024,5,0,NS
92.041,5,0,NS
92.058,5,0,NS
92.075,5,0,NS
92.092,5,0,NS
92.109,5,0,NS
92.126,5,0,NS
92.143,5,0,NS
92.16,5,0,NS
92.177,5,0,NS
92.194,4,0,NS
92.211,4,0,NS
92.228,5,0,NS
92.245,5,0,NS
92.262,5,0,NS
92.279,5,0,NS
92.296,5,0,NS
92.313,4,0,NS
92.33,4,0,NS
92.347,4,0,NS
92.364,4,0,NS
92.381,4,0,NS
92.398,3,0,NS
92.415,3,0,NS
92.432,3,0,NS
92.449,3,0,NS
92.466,3,0,NS
92.483,3,0,NS
92.5,3,0,NS
92.517,3,0,NS
92.534,3,0,NS
92.551,3,0,NS
92.568,3,0,NS
92.585,3,0,NS
92.602,3,0,NS
92.619,3,0,NS
92.636,3,0,NS
92.653,3,0,NS
92.67,3,0,NS
92.687,3,0,NS
92.704,3,0,NS
92.721,3,0,NS
92.738,3,0,NS
92.755,3,0,NS
92.772,3,0,NS
92.789,3,0,NS
92.806,3,0,NS
92.823,3,0,NS
92.84,4,0,NS
92.857,4,0,NS
92.874,4,0,NS
92.891,4,0,NS
92.908,4,0,NS
92.925,4,0,NS
92.942,4,0,NS
92.959,3,0,NS
92.976,3,0,NS
92.993,3,0,NS
93.01,3,0,NS
93.027,3,0,NS
93.044,3,0,NS
93.061,3,0,NS
93.078,3,0,NS
93.095,3,0,NS
93.112,3,0,NS
93.129,3,0,NS
93.148,3,0,NS
93.165,3,0,NS
93.182,3,0,NS
93.199,3,0,NS
93.216,3,0,NS
93.233,3,0,NS
93.25,3,0,NS
93.268,3,0,NS
93.285,3,0,NS
93.302,3,0,NS
93.319,3,0,NS
93.336,3,0,NS
93.353,3,0,NS
93.37,3,0,NS
93.387,3,0,NS
93.404,4,0,NS
93.421,4,0,NS
93.438,4,0,NS
93.455,4,0,NS
93.472,4,0,NS
93.489,4,0,NS
93.506,4,0,NS
93.523,4,0,NS
93.54,4,0,NS
93.557,4,0,NS
93.574,4,0,NS
93.591,4,0,NS
93.608,4,0,NS
93.625,4,0,NS
93.642,4,0,NS
93.659,4,0,NS
93.676,4,0,NS
93.693,4,0,NS
93.71,4,0,NS
93.727,4,0,NS
93.744,4,0,NS
93.761,4,0,NS
93.778,4,0,NS
93.795,4,0,NS
93.812,4,0,NS
93.829,4,0,NS
93.846,4,0,NS
93.863,4,0,NS
93.88,5,0,NS
93.897,5,0,NS
93.914,5,0,NS
93.931,5,0,NS
93.948,6,0,NS
93.965,6,0,NS
93.982,6,0,NS
93.999,6,0,NS
94.016,6,0,NS
94.033,6,0,NS
94.05,6,0,NS
94.067,6,0,NS
94.084,6,0,NS
94.101,6,0,NS
94.118,6,0,NS
94.135,5,0,NS
94.152,5,0,NS
94.169,5,0,NS
94.186,5,0,NS
94.203,5,0,NS
94.22,5,0,NS
94.237,5,0,NS
94.254,5,0,NS
94.271,5,0,NS
94.288,5,0,NS
94.305,5,0,NS
94.322,5,0,NS
94.339,5,0,NS
94.356,5,0,NS
94.373,5,0,NS
94.39,5,0,NS
94.407,5,0,NS
94.424,5,0,NS
94.441,5,0,NS
94.458,5,0,NS
94.475,6,0,NS
94.492,6,0,NS
94.509,6,0,NS
94.526,7,0,NS
94.543,7,0,NS
94.56,7,0,NS
94.577,7,0,NS
94.594,7,0,NS
94.611,7,0,NS
94.628,7,0,NS
94.645,7,0,NS
94.662,7,0,NS
94.679,6,0,NS
94.696,6,0,NS
94.713,6,0,NS
94.73,6,0,NS
94.747,6,0,NS
94.764,6,0,NS
94.781,6,0,NS
94.798,6,0,NS
94.815,6,0,NS
94.832,6,0,NS
94.849,6,0,NS
94.866,6,0,NS
94.883,6,0,NS
94.9,6,0,NS
94.917,6,0,NS
94.934,6,0,NS
94.951,6,0,NS
94.968,6,0,NS
94.985,6,0,NS
95.002,6,0,NS
95.019,6,0,NS
95.036,6,0,NS
95.053,6,0,NS
95.07,6,0,NS
95.087,6,0,NS
95.104,6,0,NS
95.121,6,0,NS
95.138,6,0,NS
95.155,6,0,NS
95.172,6,0,NS
95.19,6,0,NS
95.207,6,0,NS
95.224,6,0,NS
95.241,7,0,NS
95.258,7,0,NS
